customer_id,age,income,risk_profile,customer_segment,target_amount,current_amount,days_to_target,savings_progress,remaining_amount,required_monthly_saving,required_saving_income_ratio,will_reach_goal,goal_risk
1,21,26417.0,Medium,Young Professional,234528.31,35600.27,193,0.15179519265712527,198928.04,31374.971697409328,1.1876811029794954,0,High
1,21,26417.0,Medium,Young Professional,103646.08,67093.75,1740,0.6473351428245043,36552.33,639.4557041379311,0.024206219636519328,1,Low
2,32,66991.0,High,Established Professional,307227.5,96661.0,382,0.31462352816723765,210566.5,16779.173455497385,0.2504690698078456,0,High
3,20,60354.0,High,Young Professional,380008.39,104047.29,792,0.27380261262126343,275961.10000000003,10606.383691919194,0.1757362178466911,1,Low
4,56,26506.0,High,Mature Customer,171614.31,109872.97,1489,0.640231982985568,61741.34,1262.1936800537273,0.04761916849218016,1,Low
5,50,40555.0,Low,Mature Customer,206887.64,106695.13,1502,0.5157153419121606,100192.51000000001,2030.5326260985357,0.05006861363823291,1,Low
6,42,49538.0,Low,Established Professional,452364.21,229642.67,1442,0.5076499531207387,222721.54,4701.555948404994,0.09490806953056227,1,Low
7,48,46528.0,High,Mature Customer,180998.88,65242.72,321,0.3604592470406447,115756.16,10977.001590031154,0.23592248946937658,0,High
7,48,46528.0,High,Mature Customer,550710.41,464547.5,592,0.8435422529964522,86162.91000000003,4430.403683108109,0.0952201616899095,1,Low
8,69,58813.0,High,Mature Customer,499073.72,314952.73,490,0.6310745634933452,184120.99,11438.046807346938,0.1944816079327179,1,Low
9,49,61024.0,Medium,Mature Customer,288201.76,29367.85,301,0.10190031455741283,258833.91,26175.76152956811,0.4289420806497134,0,High
11,21,63021.0,Medium,Young Professional,288464.12,24202.37,790,0.08390079847712083,264261.75,10182.440088607596,0.16157217576058133,1,Low
13,31,30716.0,High,Established Professional,206631.02,137847.6,1313,0.6671195834971924,68783.41999999998,1594.6437964965726,0.051915737612207725,1,Low
16,62,27700.0,Medium,Mature Customer,324661.23,314275.08,941,0.9680092692311922,10386.149999999965,335.97705207226244,0.01212913545387229,1,Low
16,62,27700.0,Medium,Mature Customer,215586.6,70906.79,821,0.32890165715308833,144679.81,5364.255074786845,0.193655417862341,1,Low
17,23,55895.0,Low,Young Professional,398390.92,35595.03,1570,0.08934699114126396,362795.89,7034.08082267516,0.12584454464040004,1,Low
20,60,60718.0,Low,Mature Customer,625848.35,237885.04,1201,0.38010013128579795,387963.30999999994,9833.14167893422,0.1619477202630887,1,Low
20,60,60718.0,Low,Mature Customer,495526.74,350801.82,1441,0.7079372144478016,144724.91999999998,3057.2009471200554,0.050350817667249505,1,Low
22,49,39677.0,Low,Mature Customer,101443.36,8992.5,447,0.08864552593683805,92450.86,6295.75878836689,0.1586752725348915,1,Low
23,35,37942.0,High,Established Professional,236752.49,10862.28,1280,0.04588031999156588,225890.21,5371.9515565625,0.1415832469707053,1,Low
23,35,37942.0,High,Established Professional,330526.57,282699.76,534,0.8553011638368437,47826.81,2726.3072966292134,0.07185460167174143,1,Low
26,43,65888.0,Medium,Established Professional,381844.7,219706.85,1063,0.5753827406796532,162137.85,4642.969100658514,0.070467598055162,1,Low
27,51,69723.0,Medium,Mature Customer,573926.19,58160.1,434,0.10133724686792914,515766.08999999997,36174.93036774194,0.5188378349718449,0,High
29,47,48806.0,Medium,Mature Customer,578098.82,104162.68,205,0.18018144371925893,473936.13999999996,70373.73708097561,1.4419074925414008,0,High
30,35,40890.0,Medium,Established Professional,199963.87,196036.39,619,0.9803590518627191,3927.4799999999814,193.13811179321397,0.004723358077603668,1,Low
30,35,40890.0,Medium,Established Professional,132893.76,83186.05,1287,0.6259590367523652,49707.71000000001,1175.681967676768,0.028752310288010955,1,Low
31,64,70564.0,Low,Mature Customer,821502.87,730506.96,904,0.88923238941332,90995.91000000003,3064.06581902655,0.0434225074971168,1,Low
31,64,70564.0,Low,Mature Customer,495894.34,309569.47,1390,0.6242649795115628,186324.87000000005,4080.3806063309366,0.057825245257226585,1,Low
33,64,58099.0,Medium,Mature Customer,146668.03,8758.9,1331,0.059719217609999944,137909.13,3153.9849114951166,0.05428638894809062,1,Low
34,64,27420.0,Low,Mature Customer,76748.89,25660.99,1299,0.33434998213003475,51087.899999999994,1197.1637228637412,0.043660237887080275,1,Low
35,25,40418.0,Medium,Young Professional,444195.3,246470.91,780,0.5548705940832782,197724.38999999998,7716.321066153846,0.19091298595066172,1,Low
35,25,40418.0,Medium,Young Professional,418955.66,288375.22,980,0.6883191887179659,130580.44,4055.988360816327,0.10035104064566101,1,Low
36,48,58441.0,Low,Mature Customer,316942.04,286801.61,1678,0.9049023916170919,30140.429999999993,546.7667992848628,0.009355876855030934,1,Low
37,42,32511.0,Low,Established Professional,217599.64,209210.59,1198,0.961447316732693,8389.050000000017,213.15749749582682,0.0065564731166628774,1,Low
37,42,32511.0,Low,Established Professional,102659.17,99415.01,423,0.9683987314528258,3244.1600000000035,233.45680945626503,0.007180856001238505,1,Low
38,50,65513.0,High,Mature Customer,511072.85,59028.01,598,0.11549823082951874,452044.83999999997,23010.443026086956,0.3512347629644033,0,High
38,50,65513.0,High,Mature Customer,451082.34,171233.06,1732,0.37960488544064924,279849.28,4918.367253579677,0.07507467607314086,1,Low
39,50,74748.0,Medium,Mature Customer,895624.37,829997.55,1683,0.9267250622043705,65626.81999999995,1186.9758768865113,0.015879700819908377,1,Low
40,37,41304.0,Low,Established Professional,211758.75,79152.95,1599,0.3737883322412887,132605.8,2524.4030969355845,0.06111764228490181,1,Low
41,23,55154.0,Low,Young Professional,224069.91,136250.33,1432,0.608070624029795,87819.58000000002,1866.779340223464,0.03384667186828633,1,Low
41,23,55154.0,Low,Young Professional,245091.48,97809.98,702,0.399075398296179,147281.5,6386.394387464388,0.11579204386743279,1,Low
42,67,39230.0,High,Mature Customer,395502.67,298670.04,761,0.7551656730914105,96832.63,3873.3052000000002,0.09873324496558757,1,Low
43,65,49571.0,Medium,Mature Customer,502560.11,13357.5,1144,0.02657891013276004,489202.61,13016.894622727272,0.2625909225701977,0,High
44,42,56367.0,High,Established Professional,136465.51,36737.1,294,0.2692042846577131,99728.41,10325.621770068028,0.18318558323253017,1,Low
44,42,56367.0,High,Established Professional,365099.56,359948.17,1146,0.9858904513607192,5151.390000000014,136.83098743455537,0.0024275016842222464,1,Low
45,39,37508.0,High,Established Professional,230903.86,25429.26,1224,0.11012921135229181,205474.59999999998,5110.005575163398,0.13623775128408336,1,Low
45,39,37508.0,High,Established Professional,190962.31,159336.94,1565,0.834389466696334,31625.369999999995,615.128602428115,0.016399930746190543,1,Low
46,54,53440.0,High,Mature Customer,110192.48,105678.69,680,0.9590372228667511,4513.789999999994,202.0584817647056,0.00378103446415991,1,Low
46,54,53440.0,High,Mature Customer,402645.73,275159.47,585,0.6833785869280173,127486.26000000001,6633.644024615386,0.12413256034085678,1,Low
47,68,62367.0,Low,Mature Customer,163960.69,129263.71,588,0.7883823250560851,34696.979999999996,1796.217808163265,0.028800772975504114,1,Low
47,68,62367.0,Low,Mature Customer,469569.16,15886.18,1316,0.033831395571208296,453682.98,10494.004491793314,0.1682621336891836,1,Low
48,65,46006.0,High,Mature Customer,251045.61,8103.76,1676,0.03228003070836411,242941.84999999998,4412.380616945107,0.09590880791516557,1,Low
49,38,69650.0,High,Established Professional,560930.79,528709.31,485,0.9425571201038903,32221.47999999998,2022.3130952577308,0.029035363894583357,1,Low
50,49,29742.0,Medium,Mature Customer,281618.11,55929.0,1244,0.19859873358286512,225689.11,5522.489154662379,0.18567981825910765,1,Low
51,57,53493.0,Medium,Mature Customer,541094.22,116629.17,952,0.2155431821097627,424465.05,13572.180800420168,0.25371881929262086,0,High
52,23,74925.0,Medium,Young Professional,414594.1,63762.32,1122,0.15379456678230588,350831.77999999997,9518.109967201426,0.1270351680640831,1,Low
52,23,74925.0,Medium,Young Professional,731670.13,201536.94,1473,0.2754478169007665,530133.19,10955.366126001358,0.14621776611279758,1,Low
54,55,54839.0,Low,Mature Customer,316952.08,164811.97,401,0.5199901827430822,152140.11000000002,11548.989896259352,0.2105981125888392,1,Low
54,55,54839.0,Low,Mature Customer,610815.28,381100.13,1787,0.6239204264831095,229715.15000000002,3912.9989736989373,0.07135430940934258,1,Low
55,51,67365.0,Low,Mature Customer,414335.04,161780.43,1109,0.39045799746987364,252554.61,6932.157194229035,0.10290443396762465,1,Low
56,32,49732.0,High,Established Professional,538954.93,174222.07,271,0.32325907103215473,364732.86000000004,40968.51755867159,0.8237858432934849,0,High
56,32,49732.0,High,Established Professional,372727.87,153448.95,639,0.41169164516729057,219278.91999999998,10445.775156181533,0.21004132462361322,0,High
57,32,30062.0,High,Established Professional,330493.86,313842.85,459,0.9496177932019675,16651.01000000001,1104.2630596949898,0.03673285409137748,1,Low
57,32,30062.0,High,Established Professional,92221.73,74441.78,923,0.807204332427943,17779.949999999997,586.3723488624051,0.019505433732366614,1,Low
58,28,79201.0,Medium,Young Professional,639916.26,3649.85,612,0.0057036369102419745,636266.41,31646.976340522877,0.3995779894259274,0,High
58,28,79201.0,Medium,Young Professional,835410.2,493166.3,1007,0.5903283201473959,342243.89999999997,10345.485914597815,0.13062317287152705,1,Low
59,28,48850.0,Medium,Young Professional,277082.26,56296.49,647,0.20317608929564815,220785.77000000002,10387.50979721793,0.21264093750702007,0,High
59,28,48850.0,Medium,Young Professional,217448.69,205709.82,567,0.9460154485179929,11738.869999999995,630.213761552028,0.012900998189396684,1,Low
60,23,42233.0,Low,Young Professional,431736.86,107739.99,598,0.2495501310682623,323996.87,16492.415924414716,0.3905101679827319,0,High
60,23,42233.0,Low,Young Professional,200271.86,73228.26,959,0.36564427973056224,127043.59999999999,4032.541380604797,0.09548318567482293,1,Low
63,42,68063.0,Medium,Established Professional,530224.01,330070.0,554,0.6225104743936435,200154.01,10997.631885198558,0.16158018137899532,1,Low
67,53,70136.0,Low,Mature Customer,218299.69,141076.91,1368,0.6462533684770693,77222.78,1718.3197538011696,0.024499825393537834,1,Low
67,53,70136.0,Low,Mature Customer,576949.7,112071.39,549,0.19424811209712045,464878.30999999994,25775.76640510018,0.36751121257414426,0,High
68,52,27039.0,Low,Mature Customer,131197.0,1210.73,1068,0.009228336013780803,129986.27,3704.8521149812736,0.13701882891309863,1,Low
69,65,66338.0,High,Mature Customer,332148.56,197790.33,574,0.5954875432848482,134358.23,7125.199514285716,0.10740751174719942,1,Low
70,41,45173.0,Medium,Established Professional,312872.62,51982.64,604,0.1661463377651902,260889.97999999998,13148.16389271523,0.2910624464329407,0,High
71,31,60026.0,Medium,Established Professional,625903.74,389989.03,909,0.6230814821461205,235914.70999999996,7900.158165456544,0.13161227077360718,1,Low
71,31,60026.0,Medium,Established Professional,614855.8,132289.48,1689,0.2151552933224343,482566.32000000007,8697.05078792185,0.1448880616386541,1,Low
72,58,72327.0,High,Mature Customer,333025.48,120158.03,1458,0.36080731720587866,212867.44999999998,4444.228517146776,0.06144632733483728,1,Low
73,43,37301.0,Low,Established Professional,166262.85,120081.98,1796,0.7222417996563875,46180.87000000001,782.709177505568,0.020983597691900165,1,Low
74,24,35456.0,Medium,Young Professional,214083.96,57997.36,1030,0.27090941329747453,156086.59999999998,4612.889421359223,0.13010180001577232,1,Low
74,24,35456.0,Medium,Young Professional,100431.79,19126.08,1557,0.19043850557677008,81305.70999999999,1589.5605731535002,0.044831920497334726,1,Low
75,57,79498.0,Low,Mature Customer,667830.28,30461.42,1561,0.04561251700057685,637368.86,12428.896924023064,0.1563422592269373,1,Low
76,65,66281.0,Low,Mature Customer,189015.52,105422.42,498,0.5577447820157837,83593.09999999999,5109.586273092369,0.07708975834843121,1,Low
79,64,56515.0,High,Mature Customer,419193.11,264821.33,1310,0.6317406552793772,154371.77999999997,3587.081666564885,0.06347132029664487,1,Low
80,35,35260.0,High,Established Professional,153609.49,71396.21,1403,0.46479035898107607,82213.27999999998,1783.7293251603703,0.05058789918208651,1,Low
80,35,35260.0,High,Established Professional,258996.11,124306.6,1274,0.47995547114587944,134689.50999999998,3218.170081946624,0.09126971304443063,1,Low
81,58,38219.0,High,Mature Customer,309045.59,159702.46,1228,0.5167601970958394,149343.13000000003,3701.958369055376,0.09686172765000067,1,Low
81,58,38219.0,High,Mature Customer,438749.05,168475.62,733,0.3839908485271934,270273.43,11223.90615170532,0.2936734648134519,0,High
82,42,67215.0,High,Established Professional,295515.8,178539.13,796,0.6041610296302262,116976.66999999998,4473.328938190954,0.06655253943600319,1,Low
82,42,67215.0,High,Established Professional,277948.82,134675.3,1246,0.48453272800366626,143273.52000000002,3500.1973906902094,0.05207464688968548,1,Low
85,49,51612.0,High,Mature Customer,367322.86,108711.11,1091,0.2959551986500377,258611.75,7215.528570119157,0.13980331260402923,1,Low
87,29,32757.0,Low,Young Professional,180226.45,30531.48,578,0.1694062109085542,149694.97,7883.5897695501735,0.2406688576350146,0,High
88,66,53170.0,High,Mature Customer,236036.52,59583.46,1115,0.2524332251636315,176453.06,4817.2476649327355,0.0906008588477099,1,Low
90,49,38604.0,Low,Mature Customer,211899.42,19615.37,977,0.09256924818387893,192284.05000000002,5990.917586489253,0.15518903705546713,1,Low
91,42,75472.0,High,Established Professional,800471.5,528413.67,958,0.6601280245455335,272057.82999999996,8644.509754906054,0.11453929609532083,1,Low
91,42,75472.0,High,Established Professional,341771.18,301856.1,1131,0.8832111004795664,39915.080000000016,1074.2838507515478,0.014234204085641666,1,Low
92,30,79789.0,Low,Young Professional,275219.38,8732.99,1723,0.03173101400054022,266486.39,4707.977778061521,0.05900534883331689,1,Low
93,26,78185.0,Low,Young Professional,526381.04,82812.94,570,0.1573250814657002,443568.10000000003,23688.09291929825,0.3029749046402539,0,High
93,26,78185.0,Low,Young Professional,778383.5,88362.57,822,0.11352061034181737,690020.9299999999,25552.59988953771,0.3268222790757525,0,High
94,52,48931.0,Medium,Mature Customer,404411.87,264078.3,446,0.6529934445297068,140333.57,9577.923477130045,0.1957434648204624,1,Low
94,52,48931.0,Medium,Mature Customer,355951.46,104676.17,410,0.2940742819259682,251275.29000000004,18655.658116097566,0.38126459945837127,0,High
95,40,36136.0,High,Established Professional,403501.78,380138.16,269,0.9420978514642486,23363.620000000054,2643.8237650557685,0.07316315488863649,1,Low
96,58,76504.0,Medium,Mature Customer,911572.09,418213.18,1212,0.4587823438078277,493358.91,12390.961402970297,0.1619648829207662,1,Low
97,37,79801.0,High,Established Professional,819864.57,560196.59,1205,0.6832794226002472,259667.97999999998,6559.579511369294,0.08219921443803077,1,Low
100,34,28719.0,High,Established Professional,330300.27,133369.16,572,0.40378156518007086,196931.11000000002,10480.04018951049,0.36491661233018174,0,High
100,34,28719.0,High,Established Professional,194762.95,108639.22,438,0.5578022924791394,86123.73000000001,5985.402605479453,0.20841263990666295,1,Low
101,39,48483.0,High,Established Professional,552942.94,28527.68,1775,0.05159244821897899,524415.2599999999,8993.352402478871,0.18549496529667867,1,Low
102,33,54045.0,High,Established Professional,646006.08,205902.62,1117,0.31873170605453127,440103.45999999996,11993.508793554161,0.2219170837922872,0,High
102,33,54045.0,High,Established Professional,120438.93,18920.95,1696,0.15709995098760843,101517.98,1822.0561976415095,0.03371368669888999,1,Low
104,34,45421.0,Medium,Established Professional,151724.66,100673.86,1567,0.6635299759445827,51050.8,991.6951831525208,0.021833407083783292,1,Low
104,34,45421.0,Medium,Established Professional,424262.99,11255.39,1555,0.02652927609829931,413007.6,8084.856169774919,0.17799819840547146,1,Low
106,58,64915.0,Medium,Mature Customer,208831.26,138386.63,1023,0.6626720060971715,70444.63,2096.123692277615,0.03229028255838581,1,Low
106,58,64915.0,Medium,Mature Customer,585916.03,218341.5,681,0.3726498146841963,367574.53,16430.203661086638,0.2531033453144364,0,High
107,45,49056.0,Low,Established Professional,456685.47,144224.08,1200,0.31580614990882017,312461.39,7926.103926333333,0.16157256862225483,1,Low
108,35,26991.0,High,Established Professional,231679.11,144937.05,1666,0.6255939519104678,86742.06,1584.8909402160864,0.058719237531624856,1,Low
109,47,65123.0,Low,Mature Customer,339427.49,8164.96,1439,0.024055093475192597,331262.52999999997,7007.388056428074,0.10760235333796161,1,Low
114,65,76112.0,Medium,Mature Customer,677674.15,356123.09,1681,0.5255078565413777,321551.06,5822.733055562166,0.07650216858789896,1,Low
115,47,53367.0,Low,Mature Customer,215607.34,98566.87,1477,0.4571591579396137,117040.47,2412.1272219363577,0.045198853634949646,1,Low
115,47,53367.0,Low,Mature Customer,166663.48,152881.34,1712,0.9173055788826682,13782.140000000014,245.05160140186942,0.004591818940578811,1,Low
116,60,44057.0,High,Mature Customer,157852.57,146787.06,576,0.9298997159184674,11065.51000000001,584.7814659722227,0.013273292915364701,1,Low
116,60,44057.0,High,Mature Customer,424436.01,199166.84,1584,0.46925057089288913,225269.17,4329.036322474748,0.09825989791576249,1,Low
117,28,57653.0,High,Young Professional,631034.91,335865.43,1319,0.5322454030316642,295169.48000000004,6811.947665807432,0.11815426197782304,1,Low
117,28,57653.0,High,Young Professional,688341.39,525023.2,1768,0.7627366414796006,163318.19000000006,2811.8810540723994,0.04877250193524013,1,Low
118,33,63243.0,High,Established Professional,383035.14,164855.2,991,0.43039184342198994,218179.94,6701.712788698285,0.10596766106443851,1,Low
118,33,63243.0,High,Established Professional,261782.38,247137.98,326,0.9440588782178541,14644.399999999994,1367.4096196319013,0.021621517316254783,1,Low
119,34,37719.0,High,Established Professional,328906.32,38220.38,539,0.11620445602869534,290685.94,16416.47497884972,0.43523091754420107,0,High
119,34,37719.0,High,Established Professional,243204.06,58448.42,844,0.2403266623098315,184755.64,6663.461708056873,0.17666061422775983,1,Low
120,53,54396.0,Low,Mature Customer,129877.88,75575.06,1663,0.5818932369391924,54302.82000000001,993.973446061335,0.01827291429629633,1,Low
121,24,66639.0,High,Young Professional,617397.45,246560.73,1410,0.39935495360403583,370836.72,8005.86507574468,0.12013783333700506,1,Low
121,24,66639.0,High,Young Professional,615028.51,24760.9,1153,0.040259759665450305,590267.61,15583.474456548136,0.23384916425138635,0,High
123,22,37753.0,Medium,Young Professional,225542.47,31990.79,266,0.14183931744651018,193551.68,22149.297515789473,0.5866897336844614,0,High
125,38,65870.0,High,Established Professional,393187.35,196001.47,775,0.4984938350636154,197185.87999999998,7744.952499612903,0.11757936085642785,1,Low
126,26,75821.0,Low,Young Professional,488900.41,230595.74,1221,0.4716619894018907,258304.66999999998,6439.634852416052,0.08493207491876989,1,Low
126,26,75821.0,Low,Young Professional,171109.96,145241.04,1452,0.8488169829506127,25868.919999999984,542.3208848484845,0.007152647483526787,1,Low
127,42,33694.0,High,Established Professional,147756.37,107288.24,566,0.7261158351413208,40468.12999999999,2176.4132106007064,0.06459349470530974,1,Low
128,45,46402.0,Low,Established Professional,93517.9,32926.74,562,0.35209024154734014,60591.159999999996,3281.841477580071,0.07072629364208592,1,Low
129,66,70013.0,Medium,Mature Customer,152310.66,107818.54,1043,0.707885712004662,44492.12000000001,1298.5044418024931,0.018546619082206065,1,Low
129,66,70013.0,Medium,Mature Customer,393893.91,104603.93,1292,0.2655637148591609,289289.98,6815.7794049535605,0.09735019789115679,1,Low
130,42,37228.0,Low,Established Professional,265638.43,872.51,500,0.003284577461175328,264765.92,16118.949209599998,0.432979187966047,0,High
131,34,74560.0,Medium,Established Professional,637440.4,576570.69,1162,0.904509174504785,60869.71000000008,1594.5559142857167,0.02138621129675049,1,Low
131,34,74560.0,Medium,Established Professional,412265.94,226466.39,231,0.5493211250970672,185799.55,24483.715593073593,0.3283760138556008,1,Low
132,32,45829.0,Low,Established Professional,119751.97,34561.74,1401,0.2886110349583393,85190.23000000001,1850.9568887937191,0.04038833247056927,1,Low
132,32,45829.0,Low,Established Professional,317167.77,232151.81,1557,0.7319527138586622,85015.96000000002,1662.0975095696858,0.03626737457875332,1,Low
133,37,48521.0,Low,Established Professional,385625.83,80928.65,191,0.20986314635614525,304697.18000000005,48560.116016753935,1.0008061667474688,0,High
134,55,78577.0,Low,Mature Customer,378283.96,252154.34,1133,0.6665742316962104,126129.62000000002,3388.689878905561,0.043125722271218817,1,Low
134,55,78577.0,Low,Mature Customer,358003.16,190824.39,410,0.5330243174389858,167178.76999999996,12412.004289756094,0.15795976290461705,1,Low
136,58,61520.0,High,Mature Customer,224374.18,206877.41,217,0.9220196815872487,17496.76999999999,2454.3856165898605,0.03989573499008226,1,Low
136,58,61520.0,High,Mature Customer,344731.87,216788.99,190,0.6288626288019149,127942.88,20497.796143157895,0.33318914406953665,1,Low
137,60,70472.0,High,Mature Customer,498766.63,369249.07,1354,0.7403243276319428,129517.56,2911.75371225997,0.041317881034452976,1,Low
137,60,70472.0,High,Mature Customer,790067.7,304211.71,773,0.3850451170197187,485855.98999999993,19132.543771798188,0.27149142598192455,0,High
139,65,76789.0,Medium,Mature Customer,213768.04,186122.78,1114,0.8706763649046882,27645.26000000001,755.4054886894079,0.00983741797248835,1,Low
140,70,65161.0,Medium,Mature Customer,749679.54,163908.19,857,0.2186376728381836,585771.3500000001,20806.16090315053,0.3193038919468782,0,High
140,70,65161.0,Medium,Mature Customer,232578.7,133802.58,455,0.5753002317065148,98776.12000000002,6608.2309731868145,0.10141389747221213,1,Low
141,29,32647.0,Low,Young Professional,76453.48,10309.3,416,0.13484409081182439,66144.18,4839.973171153846,0.14825169758795131,1,Low
141,29,32647.0,Low,Young Professional,289555.08,89392.88,657,0.30872495830499674,200162.2,9273.877272450532,0.2840652210754597,0,High
142,25,67618.0,Low,Young Professional,632039.65,419316.4,1241,0.6634336943892681,212723.25,5217.804778404513,0.0771659140821159,1,Low
142,25,67618.0,Low,Young Professional,749466.88,724863.72,643,0.9671724519701257,24603.160000000033,1164.7281343701416,0.01722511955943893,1,Low
143,33,74529.0,Low,Established Professional,269213.33,250224.41,379,0.9294651568702039,18988.920000000013,1525.1259229551463,0.02046352323196536,1,Low
143,33,74529.0,Low,Established Professional,292606.51,212699.6,1804,0.7269134237649053,79906.91,1348.318370509978,0.01809119095264901,1,Low
145,45,47329.0,Low,Established Professional,499102.0,183847.85,1537,0.3683572696563027,315254.15,6243.549984385167,0.13191806259133232,1,Low
145,45,47329.0,Low,Established Professional,523433.71,309767.89,744,0.5917996569231279,213665.82,8741.91876451613,0.18470533424572946,1,Low
146,61,57420.0,Medium,Mature Customer,205704.85,168276.19,587,0.8180467791595579,37428.66,1940.9342596252131,0.03380240786529455,1,Low
147,61,27936.0,Medium,Mature Customer,288693.22,277529.38,691,0.9613297465039187,11163.839999999967,491.7905782923286,0.017604187367279804,1,Low
147,61,27936.0,Medium,Mature Customer,271672.99,97955.24,482,0.3605630430908866,173717.75,10970.888609958507,0.39271508483528444,0,High
149,32,62803.0,Low,Established Professional,484003.4,18574.18,1259,0.03837613537425563,465429.22000000003,11253.109973629866,0.17918108965542834,1,Low
150,31,31242.0,Low,Established Professional,244960.32,29766.11,920,0.12151400683996494,215194.21000000002,7120.121470000001,0.2279022300108828,0,High
151,46,59388.0,Low,Mature Customer,490866.67,276260.21,1382,0.5628009129240737,214606.45999999996,4726.932447467438,0.07959406694058459,1,Low
151,46,59388.0,Low,Mature Customer,238328.05,88999.05,496,0.3734308655653416,149329.0,9164.465241935484,0.1543151013998701,1,Low
152,67,71550.0,Low,Mature Customer,635505.24,509606.98,1646,0.8018926484382725,125898.26000000001,2328.2764486026736,0.03254055134315407,1,Low
153,69,53112.0,Medium,Mature Customer,356299.67,239639.49,1114,0.6725784786721807,116660.18,3187.7341824057453,0.06001909516504265,1,Low
153,69,53112.0,Medium,Mature Customer,262020.55,214350.63,568,0.8180680103144582,47669.919999999984,2554.704867605633,0.04810033264809521,1,Low
154,43,76092.0,Medium,Established Professional,460554.71,328259.3,1409,0.7127476776863274,132295.41000000003,2858.106657487581,0.037561197727587405,1,Low
154,43,76092.0,Medium,Established Professional,806579.48,105370.06,1761,0.13063816104024864,701209.4199999999,12120.848804542873,0.1592920255025873,1,Low
156,24,76265.0,Low,Young Professional,764408.93,759451.99,437,0.9935153295501139,4956.9400000000605,345.28433318078226,0.004527428482013797,1,Low
156,24,76265.0,Low,Young Professional,366894.61,24221.95,1572,0.06601882213532655,342672.66,6635.468047328244,0.08700541594870838,1,Low
157,61,54597.0,Low,Mature Customer,255860.92,210072.29,1484,0.8210409389601194,45788.630000000005,939.222302695418,0.017202818885569134,1,Low
158,45,27437.0,Low,Established Professional,81998.59,41619.07,1796,0.5075583616742678,40379.52,684.3834013363029,0.024943813147804167,1,Low
159,49,77058.0,Medium,Mature Customer,197035.01,6335.62,991,0.03215479320147216,190699.39,5857.607902724521,0.07601557142314258,1,Low
160,47,60937.0,Medium,Mature Customer,300419.82,241683.22,371,0.8044849371123383,58736.600000000006,4819.250954177898,0.07908579277250108,1,Low
162,40,76675.0,High,Established Professional,369461.75,135766.05,1161,0.3674698395706727,233695.7,6127.215424633937,0.07991151515662129,1,Low
163,60,58251.0,Medium,Mature Customer,549499.37,62245.97,335,0.1132776003000695,487253.4,44274.607450746276,0.7600660495226911,0,High
163,60,58251.0,Medium,Mature Customer,237496.39,201237.04,625,0.8473267319979053,36259.350000000006,1765.9753824000002,0.030316653489210487,1,Low
165,68,35899.0,Low,Mature Customer,163979.16,128759.47,981,0.7852184997166713,35219.69,1092.8515429153927,0.030442395133997956,1,Low
165,68,35899.0,Low,Mature Customer,201655.67,107968.34,1739,0.5354093936461096,93687.33000000002,1639.9323319148941,0.045681838823223325,1,Low
166,29,77140.0,High,Young Professional,504156.79,366956.25,1754,0.7278613663023362,137200.53999999998,2381.0629632839223,0.030866774219392303,1,Low
167,56,36518.0,High,Mature Customer,155476.33,10434.72,1201,0.06711452476399463,145041.61,3676.1587080766026,0.10066703291737232,1,Low
167,56,36518.0,High,Mature Customer,102247.31,16054.47,1504,0.15701606232965934,86192.84,1744.488064893617,0.04777063543714379,1,Low
168,65,48152.0,Medium,Mature Customer,381038.35,172355.62,643,0.45233142543263694,208682.72999999998,9879.163765474339,0.20516621875465899,0,High
168,65,48152.0,Medium,Mature Customer,395714.51,98350.03,746,0.24853784108144025,297364.48,12133.746342091154,0.25198841880069683,0,High
169,26,37465.0,Medium,Young Professional,333279.22,158616.57,1697,0.475926971984632,174662.64999999997,3133.0177171479077,0.08362518930062479,1,Low
170,53,35809.0,Medium,Mature Customer,224629.43,122979.63,1355,0.5474778171319761,101649.79999999999,2283.557130627306,0.06377048034369309,1,Low
170,53,35809.0,Medium,Mature Customer,201724.34,136407.93,950,0.6762095739165636,65316.41,2092.8752846315792,0.05844551047590213,1,Low
171,38,37690.0,Low,Established Professional,95068.25,89231.51,183,0.9386047392268185,5836.740000000005,970.8763147540992,0.02575952015797557,1,Low
171,38,37690.0,Low,Established Professional,223714.73,122621.94,1280,0.5481174172125367,101092.79000000001,2404.1129121875,0.06378649276167418,1,Low
172,60,53893.0,Medium,Mature Customer,636784.72,294737.38,1005,0.4628524691986956,342047.33999999997,10360.120427462685,0.19223499206692307,1,Low
172,60,53893.0,Medium,Mature Customer,491044.59,243501.57,372,0.49588484418492423,247543.02000000002,20255.939593548388,0.37585474168349114,0,High
173,30,53763.0,Low,Young Professional,376945.7,208205.11,1563,0.5523477519441129,168740.59000000003,3286.2850669225854,0.061125403473068565,1,Low
173,30,53763.0,Low,Young Professional,272488.67,95527.3,879,0.350573475220089,176961.37,6128.218546985211,0.11398579965748212,1,Low
174,30,47288.0,Low,Young Professional,172667.38,148511.81,1166,0.8601034543988563,24155.570000000007,630.6136799313896,0.013335596344345068,1,Low
175,23,30504.0,High,Young Professional,185357.2,58157.33,1010,0.3137581383404583,127199.87000000001,3833.6277651485157,0.1256762314827077,1,Low
176,54,47035.0,High,Mature Customer,319158.41,103307.3,301,0.3236865981378965,215851.11,21828.929529568108,0.4640997029779549,0,High
176,54,47035.0,High,Mature Customer,494400.19,409922.78,1465,0.8291315179308487,84477.40999999997,1755.2848876450507,0.03731869645253642,1,Low
177,60,51305.0,Low,Mature Customer,540258.06,318421.07,1201,0.5893869866559696,221836.99000000005,5622.579496752708,0.10959125809867865,1,Low
177,60,51305.0,Low,Mature Customer,446890.31,443295.73,926,0.9919564601881835,3594.5800000000163,118.16308336933099,0.002303149466315778,1,Low
178,67,58455.0,Medium,Mature Customer,193365.58,3314.95,860,0.017143433696938205,190050.62999999998,6726.908345581395,0.1150784081016405,1,Low
179,60,54923.0,High,Mature Customer,418150.4,235725.22,1718,0.5637330969909391,182425.18000000002,3232.2598831199075,0.05885075256486185,1,Low
179,60,54923.0,High,Mature Customer,394581.24,4788.2,1169,0.012134890143282027,389793.04,10149.957346107785,0.18480340378544116,1,Low
180,24,42863.0,Low,Young Professional,109026.62,67675.72,1471,0.6207265711805062,41350.899999999994,855.6909558123724,0.019963393971779212,1,Low
180,24,42863.0,Low,Young Professional,173093.32,141026.01,428,0.8147397600323341,32067.309999999998,2280.675038317757,0.05320847906860828,1,Low
183,40,75505.0,Low,Established Professional,577519.81,460117.91,1467,0.7967136400048337,117401.90000000008,2436.069417859579,0.032263683436323146,1,Low
184,66,55749.0,Medium,Mature Customer,442673.98,122001.26,550,0.27560070280164195,320672.72,17747.777448727273,0.31835149417437575,0,High
185,68,28593.0,Low,Mature Customer,132559.9,6511.24,1291,0.04911922836393208,126048.65999999999,2972.0536099147944,0.10394339908071186,1,Low
186,36,64317.0,High,Established Professional,613479.49,139933.47,1238,0.22809804122383945,473546.02,11643.570960258483,0.18103411166967492,1,Low
186,36,64317.0,High,Established Professional,419038.9,232417.15,1463,0.5546433755911444,186621.75000000003,3882.9569856459334,0.06037217198634783,1,Low
187,20,75105.0,Low,Young Professional,742661.65,477106.26,661,0.642427490365229,265555.39,12229.207370045386,0.16282813887284983,1,Low
189,69,55719.0,Medium,Mature Customer,252449.28,40158.07,1676,0.15907381474805554,212291.21,3855.6947687350835,0.06919892260692194,1,Low
190,66,56862.0,Low,Mature Customer,118907.19,43828.7,1629,0.3685958771710945,75078.49,1402.9399850214857,0.024672716137692757,1,Low
190,66,56862.0,Low,Mature Customer,282598.3,241150.94,902,0.8533347157431591,41447.359999999986,1398.733523725055,0.024598739469681948,1,Low
191,43,40975.0,Low,Established Professional,407494.56,299387.83,578,0.7347038694209808,108106.72999999998,5693.37173217993,0.1389474492295285,1,Low
191,43,40975.0,Low,Established Professional,200538.05,63505.65,1096,0.316676311552845,137032.4,3805.8998686131386,0.09288346232124804,1,Low
192,52,64193.0,Low,Mature Customer,432368.34,93397.96,351,0.21601479886339503,338970.38,29396.747484900287,0.4579431945056359,0,High
192,52,64193.0,Low,Mature Customer,478437.96,406726.76,1357,0.8501138998251727,71711.20000000001,1608.613801031688,0.025059022027817485,1,Low
194,28,77267.0,Low,Young Professional,821925.54,21578.78,353,0.026253935362563374,800346.76,69015.73760453258,0.8932110422888501,0,High
195,45,68294.0,Low,Established Professional,491510.23,63873.03,1811,0.12995259528982744,427637.19999999995,7187.894184428493,0.10524927789305785,1,Low
195,45,68294.0,Low,Established Professional,395918.15,901.79,1060,0.0022777182607061582,395016.36000000004,11343.677356981134,0.16610064364338206,1,Low
197,23,43754.0,Low,Young Professional,91981.84,70751.87,1467,0.7691938974040963,21229.97,440.51825957736884,0.01006806828123986,1,Low
198,37,32104.0,High,Established Professional,89354.79,43199.78,777,0.48346350542595423,46155.009999999995,1808.1834033462032,0.05632268263600185,1,Low
198,37,32104.0,High,Established Professional,305966.05,25556.88,846,0.08352848298038296,280409.17,10089.426873286051,0.3142732018840659,0,High
199,49,44819.0,High,Mature Customer,380612.66,195631.01,802,0.5139897606138483,184981.64999999997,7020.999284289275,0.156652296666353,1,Low
200,56,79584.0,High,Mature Customer,624590.74,581770.89,1361,0.9314433480073688,42819.84999999998,957.7048008817042,0.012033886219361984,1,Low
200,56,79584.0,High,Mature Customer,576916.62,395075.9,1781,0.684805891014199,181840.71999999997,3107.9345967434024,0.039052254181033905,1,Low
203,30,50452.0,Low,Young Professional,455462.32,323132.8,1145,0.7094611031709495,132329.52000000002,3518.0005142358086,0.06972965421065187,1,Low
203,30,50452.0,Low,Young Professional,288239.95,63305.02,718,0.21962611359043047,224934.93000000002,9536.238536490253,0.1890160654977058,1,Low
204,25,28484.0,High,Young Professional,169152.75,56166.88,1536,0.3320482818044637,112985.87,2239.1210174479165,0.0786097815421962,1,Low
204,25,28484.0,High,Young Professional,114086.48,104221.9,342,0.9135341891519486,9864.580000000002,878.0053076023394,0.03082450876289634,1,Low
205,69,51575.0,Medium,Mature Customer,268131.49,138132.75,1203,0.5151679498741457,129998.73999999999,3289.411176724854,0.06377917938390411,1,Low
206,51,51676.0,Medium,Mature Customer,607211.07,297716.77,1251,0.49030194722899245,309494.29999999993,7530.780569144683,0.1457307177247597,1,Low
206,51,51676.0,Medium,Mature Customer,544705.96,362308.04,1781,0.6651442550766289,182397.91999999998,3117.457992588433,0.060326998850306394,1,Low
208,67,67537.0,High,Mature Customer,234206.16,143951.88,249,0.6146374629941416,90254.28,11033.495113253013,0.16336963609951602,1,Low
209,35,75025.0,Medium,Established Professional,757237.6,304856.02,928,0.4025896495366844,452381.57999999996,14838.89579224138,0.19778601522481012,1,Low
209,35,75025.0,Medium,Established Professional,615276.52,130437.36,548,0.2119979484996437,484839.16000000003,26931.576697810222,0.3589680332930386,0,High
211,41,58033.0,High,Established Professional,310798.86,280319.9,1092,0.9019334884304274,30478.959999999963,849.6149655677646,0.014640204117790991,1,Low
211,41,58033.0,High,Established Professional,384999.04,268571.37,1634,0.6975897134704544,116427.66999999998,2168.9463126070987,0.03737436135659192,1,Low
212,28,62961.0,High,Young Professional,530322.58,110174.93,964,0.2077507806663635,420147.64999999997,13266.902973029046,0.21071620484155343,0,High
215,20,31507.0,Medium,Young Professional,218516.18,151705.67,1269,0.6942537161321419,66810.50999999998,1602.6098695035455,0.05086520041589315,1,Low
218,26,34661.0,Medium,Young Professional,223137.46,176135.71,829,0.7893596619769715,47001.75,1725.8543667068757,0.04979239972034493,1,Low
219,53,48076.0,Low,Mature Customer,150358.42,7872.23,679,0.052356429390518995,142486.19,6387.746131958764,0.13286767060401788,1,Low
220,56,51845.0,High,Mature Customer,399863.39,196585.64,1571,0.491632004620378,203277.75,3938.7490197326547,0.07597162734560044,1,Low
221,70,76534.0,Medium,Mature Customer,403708.15,102116.18,1729,0.25294554989786555,301591.97000000003,5309.693213880857,0.06937692024304044,1,Low
224,38,47176.0,Medium,Established Professional,212587.14,34490.94,379,0.16224377448231347,178096.2,14304.085298153037,0.30320682758506523,0,High
224,38,47176.0,Medium,Established Professional,225292.12,103651.49,1151,0.46007596714878446,121640.62999999999,3216.977217376195,0.06819097035306501,1,Low
225,55,55808.0,Low,Mature Customer,600463.15,535270.84,1573,0.8914299570256725,65192.310000000056,1261.572737698666,0.022605589479978965,1,Low
227,23,74563.0,Low,Young Professional,776164.07,339561.21,838,0.43748638094005055,436602.8599999999,15859.416537470164,0.2126982087291306,0,High
228,24,34542.0,Medium,Young Professional,402987.05,247144.65,475,0.6132818660053716,155842.4,9987.037170526315,0.2891273571456868,1,Low
229,20,32555.0,Low,Young Professional,364079.03,115767.3,1313,0.3179729961376792,248311.73000000004,5756.74719055598,0.17683142959778772,1,Low
229,20,32555.0,Low,Young Professional,265075.34,197090.67,481,0.7435269912320022,67984.67000000001,4302.397827027028,0.13215781990560677,1,Low
230,67,51898.0,Low,Mature Customer,386206.51,34111.89,269,0.08832551786866565,352094.62,39842.974843122676,0.7677169610220562,0,High
231,48,71892.0,Medium,Mature Customer,301964.12,251485.47,956,0.8328322914656219,50478.649999999994,1607.2909058577404,0.022357020334080848,1,Low
231,48,71892.0,Medium,Mature Customer,471327.88,42762.88,1051,0.09072851790562442,428565.0,12412.482017126546,0.17265456541933102,1,Low
232,36,67467.0,Low,Established Professional,684389.4,260553.79,825,0.38070985611407776,423835.61,15638.249658666666,0.23179109281080626,0,High
232,36,67467.0,Low,Established Professional,198712.4,38244.34,1106,0.19246076238825557,160468.06,4416.498866546112,0.06546161629457531,1,Low
233,20,37918.0,Low,Young Professional,309795.18,114615.81,827,0.36997286400647034,195179.37,7184.111273035067,0.18946440405704593,1,Low
234,66,25160.0,Low,Mature Customer,112852.58,34629.15,669,0.3068529758025913,78223.43,3559.224527952167,0.1414636139885599,1,Low
234,66,25160.0,Low,Mature Customer,129771.38,128254.92,1474,0.9883143725527154,1516.4600000000064,31.316853731343414,0.0012447080179389274,1,Low
235,28,36916.0,Low,Young Professional,264437.28,96441.63,1323,0.36470512024628293,167995.65000000002,3865.2967392290257,0.10470518851525154,1,Low
236,58,55410.0,High,Mature Customer,428872.18,381439.33,1198,0.8894009632427079,47432.84999999998,1205.2219983305504,0.021750983546842635,1,Low
236,58,55410.0,High,Mature Customer,448841.12,416636.15,605,0.9282486194669508,32204.969999999972,1620.3624575206597,0.029243141265487452,1,Low
238,51,41183.0,Medium,Mature Customer,115833.24,78308.4,1355,0.6760442857335252,37524.84000000001,842.9934535793361,0.020469452288063912,1,Low
241,45,62773.0,Low,Established Professional,427984.32,19126.44,875,0.04468958115101039,408857.88,14223.581562514288,0.22658757049231815,0,High
241,45,62773.0,Low,Established Professional,159835.2,52549.65,1801,0.3287739496681582,107285.55000000002,1813.3104619655749,0.02888678989319572,1,Low
243,33,70070.0,Low,Established Professional,812139.17,761891.47,220,0.9381292001960697,50247.70000000007,6952.454490909101,0.0992215568846739,1,Low
245,47,58899.0,Medium,Mature Customer,381172.25,275538.61,1653,0.7228716413642389,105633.64000000001,1945.2438001209925,0.033026771254537304,1,Low
246,63,77496.0,Low,Mature Customer,882833.39,672186.34,1160,0.7613965982867956,210647.05000000005,5527.669139655173,0.07132844456043116,1,Low
246,63,77496.0,Low,Mature Customer,643754.78,623167.46,1572,0.9680199345471266,20587.320000000065,398.65014045801655,0.005144138284014873,1,Low
253,50,43277.0,Medium,Mature Customer,313192.22,213227.58,998,0.6808201685214276,99964.63999999998,3049.0216849699395,0.07045362860110312,1,Low
254,53,39017.0,High,Mature Customer,80694.62,26216.92,1053,0.32489055652037274,54477.7,1574.8349363722696,0.040362788947696376,1,Low
255,67,67843.0,Low,Mature Customer,205066.36,2724.94,462,0.013288088792330444,202341.41999999998,13331.759361038961,0.19650898929939656,1,Low
257,63,55048.0,Medium,Mature Customer,403852.94,288607.85,1623,0.7146360009165712,115245.09000000003,2161.4667526802223,0.039265127755417496,1,Low
257,63,55048.0,Medium,Mature Customer,535288.75,449649.88,247,0.8400136935439051,85638.87,10554.037258299595,0.19172426352091984,1,Low
258,20,25332.0,Low,Young Professional,153398.41,134832.36,684,0.8789684325932712,18566.050000000017,826.2435116959073,0.03261659212442394,1,Low
258,20,25332.0,Low,Young Professional,93157.74,38617.48,710,0.4145386094596112,54540.26,2338.3176259154934,0.09230686980560135,1,Low
259,48,31536.0,Medium,Mature Customer,195442.59,135814.06,401,0.6949051381277745,59628.53,4526.415095261846,0.14353168110292508,1,Low
260,51,63648.0,High,Mature Customer,507937.53,7257.56,1391,0.014288292499276437,500679.97000000003,10956.648660531993,0.1721444296840748,1,Low
260,51,63648.0,High,Mature Customer,570794.71,160151.01,1068,0.2805754979754455,410643.69999999995,11704.114445692883,0.18388817316636633,1,Low
261,24,34433.0,Medium,Young Professional,196752.18,93362.05,1684,0.47451596216113084,103390.12999999999,1868.880972209026,0.054275868271978216,1,Low
262,60,29507.0,Medium,Mature Customer,104291.18,74683.09,1170,0.7161016876019621,29608.089999999997,770.3164611965813,0.026106227715341487,1,Low
263,24,26616.0,High,Young Professional,103458.46,47701.81,1583,0.4610721056547719,55756.65000000001,1072.1619873657614,0.04028261148804334,1,Low
264,37,40122.0,High,Established Professional,370447.0,251524.78,1192,0.6789764257775066,118922.22,3036.906356375839,0.0756917989226818,1,Low
265,60,32031.0,Medium,Mature Customer,73441.13,1508.04,1671,0.020533997774816373,71933.09000000001,1310.3789704368644,0.04090971154309464,1,Low
267,69,52142.0,Low,Mature Customer,220733.22,146863.03,429,0.665341764144065,73870.19,5241.51184988345,0.10052379751224445,1,Low
267,69,52142.0,Low,Mature Customer,248583.78,241983.42,474,0.9734481469386298,6600.359999999986,423.8712202531637,0.008129170730949401,1,Low
268,21,51683.0,High,Young Professional,613425.13,560911.01,1068,0.9143919649982387,52514.119999999995,1496.7507610486891,0.02896021440413074,1,Low
269,25,26715.0,Low,Young Professional,167446.24,62958.22,318,0.3759906463113176,104488.01999999999,10001.934996226415,0.3743939732819171,0,High
270,51,72534.0,High,Mature Customer,302165.31,111900.11,1091,0.37032745420048385,190265.2,5308.590914757104,0.07318762118119922,1,Low
271,28,47647.0,High,Young Professional,307245.19,226937.03,964,0.7386186582774493,80308.16,2535.871774273859,0.0532220659070636,1,Low
273,58,33046.0,Low,Mature Customer,216745.25,174817.69,544,0.8065583444158523,41927.56,2346.0936147058824,0.07099478347472864,1,Low
273,58,33046.0,Low,Mature Customer,102332.04,10513.48,731,0.10273888803545791,91818.56,3823.470542270862,0.11570146287813539,1,Low
274,23,74307.0,High,Young Professional,174072.56,64695.07,439,0.37165576240161,109377.48999999999,7584.170377220956,0.10206535558185575,1,Low
276,52,38940.0,Medium,Mature Customer,399405.26,88060.69,480,0.22047954501150036,311344.57,19744.434814166667,0.5070476326185585,0,High
276,52,38940.0,Medium,Mature Customer,335771.28,51855.87,707,0.1544380746322318,283915.41000000003,12224.024158981614,0.3139194699276223,0,High
277,55,70332.0,Low,Mature Customer,474552.07,386024.94,1773,0.8134511772333013,88527.13,1519.8904891144953,0.02161022705332559,1,Low
277,55,70332.0,Low,Mature Customer,746127.27,80916.1,182,0.10844812038568166,665211.17,111258.39568571429,1.5819029131222528,0,High
278,26,48107.0,Low,Young Professional,167951.79,58021.08,302,0.3454627068874943,109930.71,11080.433153642385,0.23032891582602086,0,High
279,60,69286.0,Low,Mature Customer,517061.24,262273.82,696,0.507239374585494,254787.41999999998,11143.288886206896,0.16083031039758242,1,Low
279,60,69286.0,Low,Mature Customer,592910.45,535593.16,1036,0.9033289259786197,57317.28999999992,1684.1103355212333,0.02430664687702037,1,Low
280,31,64587.0,Medium,Established Professional,694537.18,504124.85,1550,0.7258428555257473,190412.33000000007,3739.4524678709695,0.05789791239523386,1,Low
281,42,53578.0,High,Established Professional,367572.88,63932.3,1315,0.17393094942151335,303640.58,7028.759889885932,0.13118742562032798,1,Low
282,68,41436.0,Low,Mature Customer,296773.69,23890.7,1030,0.08050140832902,272882.99,8064.619626796117,0.19462833349734812,1,Low
282,68,41436.0,Low,Mature Customer,261089.59,94124.89,1377,0.36050801565853313,166964.7,3690.9262657952077,0.08907535152512809,1,Low
283,30,73781.0,Low,Young Professional,495337.52,2782.63,1477,0.0056176443084707175,492554.89,10151.232804062289,0.13758600187124448,1,Low
283,30,73781.0,Low,Young Professional,768775.56,163557.14,1112,0.21275018160046608,605218.42,16567.309986330936,0.2245471054381336,0,High
285,56,76386.0,High,Mature Customer,856551.59,113774.98,641,0.13282910373209394,742776.61,35273.198141029636,0.46177569372698707,0,High
285,56,76386.0,High,Mature Customer,658022.0,7569.48,1664,0.011503384385324502,650452.52,11898.90307019231,0.15577334943827809,1,Low
286,39,62618.0,Medium,Established Professional,544750.9,68123.95,841,0.1250552316664369,476626.95,17251.515288941737,0.27550409289568073,0,High
287,32,62183.0,Low,Established Professional,578248.83,524111.38,1253,0.9063768966034916,54137.44999999995,1315.1987055067825,0.021150454392788745,1,Low
287,32,62183.0,Low,Established Professional,416462.98,285308.41,1018,0.6850750815834818,131154.57,3921.7535469548143,0.06306793732941181,1,Low
288,54,39793.0,High,Mature Customer,275588.04,109795.79,1492,0.3984054968423158,165792.25,3382.5174865951744,0.08500282679353591,1,Low
288,54,39793.0,High,Mature Customer,132349.55,115099.42,1100,0.8696623449040817,17250.12999999999,477.35814290909065,0.011996033043728562,1,Low
289,67,33148.0,Medium,Mature Customer,264948.96,43973.82,1239,0.16597091001980155,220975.14,5428.961470217919,0.1637794578924194,1,Low
289,67,33148.0,Medium,Mature Customer,105201.97,17345.3,1580,0.16487619005613677,87856.67,1692.6310346835444,0.05106284043331557,1,Low
291,65,64293.0,Medium,Mature Customer,228066.04,217766.45,1740,0.9548394403656064,10299.589999999997,180.18363195402293,0.0028025388759899666,1,Low
292,36,70905.0,Medium,Established Professional,758206.04,564758.24,1233,0.74486117256465,193447.80000000005,4775.791591240877,0.06735479290939816,1,Low
292,36,70905.0,Medium,Established Professional,676933.08,631413.63,773,0.9327563516322767,45519.44999999995,1792.5123648124172,0.02528047901858003,1,Low
293,26,36751.0,Medium,Young Professional,341633.63,291961.6,216,0.8546043900888797,49672.03000000003,7000.076820370375,0.19047309788496572,1,Low
293,26,36751.0,Medium,Young Professional,327950.52,218134.0,1356,0.665143022185176,109816.52000000002,2465.2027056047204,0.06707852046487771,1,Low
294,64,37466.0,Medium,Mature Customer,407326.55,294245.52,420,0.7223823735526201,113081.02999999997,8195.682269523808,0.21874986039405883,1,Low
295,69,47391.0,High,Mature Customer,284572.76,164522.75,1010,0.5781394888252832,120050.01000000001,3618.140895445545,0.07634658258837217,1,Low
295,69,47391.0,High,Mature Customer,258869.33,248471.62,409,0.9598341371687408,10397.709999999992,773.8540156479212,0.01632913455398538,1,Low
297,25,59613.0,Medium,Young Professional,150405.46,65097.3,1109,0.43281208009336897,85308.15999999999,2341.5512988277724,0.039279205858248574,1,Low
298,38,55088.0,High,Established Professional,374184.87,289334.59,1416,0.7732396822992871,84850.27999999997,1824.0413299435022,0.03311140956185562,1,Low
300,61,32271.0,Low,Mature Customer,88748.09,55123.25,465,0.6211204094645868,33624.84,2201.161569032258,0.0682086569685556,1,Low
301,42,68892.0,Low,Established Professional,713558.04,689855.19,333,0.9667821695345201,23702.850000000093,2166.710972972982,0.03145083569896333,1,Low
302,38,50919.0,Medium,Established Professional,418645.22,318659.93,949,0.761169397801795,99985.28999999998,3207.115097576396,0.06298464419129197,1,Low
303,59,65049.0,Low,Mature Customer,398647.55,41008.73,1622,0.10286964011192344,357638.82,6711.791418495685,0.1031805472566171,1,Low
303,59,65049.0,Low,Mature Customer,619697.07,215284.39,1435,0.34740262689962376,404412.67999999993,8578.621588292683,0.13187937690498983,1,Low
305,65,47782.0,High,Mature Customer,471528.69,203216.41,517,0.430973585085565,268312.28,15797.728826305613,0.33062092056225384,0,High
306,61,48794.0,High,Mature Customer,234389.64,229966.59,1505,0.9811294987269914,4423.0500000000175,89.46022724252528,0.0018334267992483764,1,Low
306,61,48794.0,High,Mature Customer,514024.48,236656.85,221,0.46039995993965116,277367.63,38203.93962533937,0.7829638813243303,0,High
307,64,49585.0,Low,Mature Customer,576428.57,431701.63,1488,0.7489247626986983,144726.93999999994,2960.677455376343,0.05970913492742448,1,Low
307,64,49585.0,Low,Mature Customer,544506.69,500745.67,1022,0.9196318047074867,43761.01999999996,1303.4104195694704,0.026286385390127464,1,Low
308,49,39718.0,Medium,Mature Customer,401135.04,197751.98,565,0.4929810669244951,203383.05999999997,10957.487338761062,0.275882152645175,0,High
308,49,39718.0,Medium,Mature Customer,174461.34,142180.32,628,0.8149674879259784,32281.01999999999,1564.7042178343945,0.03939534261126931,1,Low
309,45,56194.0,Medium,Established Professional,636272.14,96820.23,422,0.15216795442277262,539451.91,38912.12355545024,0.6924604682964417,0,High
309,45,56194.0,Medium,Established Professional,215154.72,126214.36,1099,0.586621385763696,88940.36,2463.461836578708,0.0438385207776401,1,Low
310,43,72339.0,Medium,Established Professional,582440.67,370454.31,1098,0.63603784742573,211986.36000000004,5876.926045901641,0.08124146098095966,1,Low
310,43,72339.0,Medium,Established Professional,670958.35,361318.49,685,0.5385110566102949,309639.86,13759.762537810218,0.19021223044015287,1,Low
312,60,56648.0,Medium,Mature Customer,423678.55,62352.13,1276,0.14716848421993514,361326.42,8619.73058369906,0.1521630169414465,1,Low
312,60,56648.0,Medium,Mature Customer,363898.18,259967.32,1727,0.7143957686185735,103930.85999999999,1831.8791999999999,0.03233793249541025,1,Low
313,22,31276.0,Low,Young Professional,75061.55,46912.36,1189,0.6249852287889072,28149.190000000002,720.6571434819176,0.023041857765760253,1,Low
314,65,79358.0,Low,Mature Customer,769407.01,290612.81,960,0.37771011470249016,478794.2,15181.766091666668,0.19130731736770923,1,Low
315,53,64597.0,Medium,Mature Customer,563288.41,231354.74,1189,0.4107216408020892,331933.67000000004,8497.948624726661,0.13155330161968298,1,Low
316,52,58622.0,High,Mature Customer,464983.0,75087.3,974,0.16148396823109662,389895.7,12185.241383983574,0.20786123612267704,0,High
316,52,58622.0,High,Mature Customer,578061.69,570254.08,977,0.9864934657752532,7807.609999999986,243.25859611054204,0.004149612707013443,1,Low
317,52,77127.0,High,Mature Customer,446801.08,317820.39,1062,0.7113241310875972,128980.69,3696.960643691149,0.04793341687983649,1,Low
317,52,77127.0,High,Mature Customer,504715.22,218438.75,1649,0.43279604288533247,286276.47,5284.569888902365,0.06851776795288764,1,Low
318,64,59829.0,Low,Mature Customer,446865.76,236965.55,1082,0.5302835240721956,209900.21000000002,5905.140843253236,0.0987003099375426,1,Low
319,34,44690.0,Low,Established Professional,466176.3,173751.95,1758,0.3727172531078908,292424.35,5063.365878270763,0.1132997511360654,1,Low
320,68,27699.0,Low,Mature Customer,230555.9,224756.39,919,0.9748455363753433,5799.50999999998,192.09693623503745,0.006935157812016226,1,Low
320,68,27699.0,Low,Mature Customer,320374.7,294333.43,637,0.918716209488452,26041.27000000002,1244.4211284144435,0.04492657238219587,1,Low
321,26,65064.0,Medium,Young Professional,410906.5,206049.13,1779,0.5014501595861832,204857.37,3505.260451264756,0.05387403865831728,1,Low
321,26,65064.0,Medium,Young Professional,260080.54,205669.5,531,0.7907915755634773,54411.04000000001,3119.1564173258007,0.04793981952117608,1,Low
322,23,35608.0,Low,Young Professional,224034.79,77858.59,632,0.3475290154712132,146176.2,7040.511911392406,0.19772275644215923,1,Low
323,62,63499.0,Low,Mature Customer,449804.27,444631.89,817,0.9885008205902536,5172.380000000005,192.71388886168927,0.003034912185415349,1,Low
324,21,76095.0,Low,Young Professional,704616.2,61228.28,1655,0.08689593001126003,643387.9199999999,11833.67267963746,0.15551182968181168,1,Low
325,58,61576.0,Medium,Mature Customer,435918.62,111570.6,803,0.255943643792963,324348.02,12295.334656039851,0.19967738495582454,1,Low
326,37,35354.0,Low,Established Professional,209876.63,152545.17,1582,0.726832568256885,57331.45999999999,1103.1413668773703,0.031202731427204002,1,Low
326,37,35354.0,Low,Established Professional,273080.25,149767.34,387,0.5484370986184464,123312.91,9699.341034625324,0.27434918353298987,1,Low
328,67,32333.0,Medium,Mature Customer,314702.94,37579.78,1159,0.11941350150716736,277123.16000000003,7278.368412769631,0.22510649840007518,0,High
329,70,27529.0,High,Mature Customer,102785.3,27499.25,1630,0.26754068918415375,75286.05,1405.955436809816,0.05107179471865364,1,Low
329,70,27529.0,High,Mature Customer,67170.77,54161.71,1630,0.8063285563050713,13009.060000000005,242.94220024539888,0.008824955510385372,1,Low
330,30,63746.0,Low,Young Professional,396471.87,371752.51,1093,0.9376516674436449,24719.359999999986,688.4330451967058,0.010799627352252782,1,Low
331,31,60940.0,Medium,Established Professional,706361.41,341426.35,1676,0.483359290536554,364935.06000000006,6628.056817661099,0.10876364978111419,1,Low
331,31,60940.0,Medium,Established Professional,392764.62,66299.64,1489,0.16880247513128857,326464.98,6674.005366823371,0.10951764632135497,1,Low
332,35,48266.0,High,Established Professional,558797.93,522722.57,439,0.9354411352239619,36075.360000000044,2501.4440965831463,0.05182621507030096,1,Low
333,42,53357.0,Low,Established Professional,356281.39,289720.44,326,0.8131787068642569,66560.95000000001,6215.077662576688,0.1164810177216989,1,Low
334,49,50418.0,High,Mature Customer,372193.55,323851.67,832,0.870116287614334,48341.880000000005,1768.6620519230771,0.03507997246862385,1,Low
334,49,50418.0,High,Mature Customer,354850.04,233754.33,1372,0.6587411685229062,121095.70999999999,2686.7007379008746,0.05328852270817713,1,Low
335,42,54798.0,Low,Established Professional,380557.19,74117.38,1103,0.19476016206657404,306439.81,8456.96084895739,0.1543297355552646,1,Low
335,42,54798.0,Low,Established Professional,351894.81,191035.38,1307,0.5428763783131669,160859.43,3746.412432440704,0.0683676855440108,1,Low
336,52,27110.0,High,Mature Customer,88336.9,7455.56,1730,0.084399158222668,80881.34,1423.1375662427745,0.05249493051430374,1,Low
336,52,27110.0,High,Mature Customer,107583.98,51588.17,1491,0.47951535163506687,55995.81,1143.2008426559357,0.04216897243290062,1,Low
337,70,54814.0,Low,Mature Customer,520869.91,358163.64,1756,0.6876258987584828,162706.26999999996,2820.4890995444184,0.05145563358894477,1,Low
337,70,54814.0,Low,Mature Customer,525863.51,445122.83,1017,0.8464607669773474,80740.68,2416.6630277286135,0.044088426820312575,1,Low
339,33,59814.0,Medium,Established Professional,666381.0,484060.25,911,0.7264016381019267,182320.75,6092.034720087816,0.10184964590376527,1,Low
339,33,59814.0,Medium,Established Professional,450297.64,330385.02,1073,0.7337036454377154,119912.62,3401.8081573159366,0.056873109260640264,1,Low
340,22,31663.0,High,Young Professional,326153.15,30290.18,1378,0.0928710331327476,295862.97000000003,6535.608713207548,0.20641154385900098,0,High
341,47,37207.0,Low,Mature Customer,434265.13,185915.06,656,0.42811417992506096,248350.07,11524.048979878049,0.30972798075303165,0,High
341,47,37207.0,Low,Mature Customer,386627.65,49460.1,969,0.1279269602161149,337167.55000000005,10591.72365531476,0.28467018720441745,0,High
342,66,32340.0,High,Mature Customer,157937.96,156247.53,933,0.9892968732785963,1690.429999999993,55.15186409431917,0.001705376131549758,1,Low
342,66,32340.0,High,Mature Customer,288667.0,57165.62,649,0.19803309695947235,231501.38,10858.09246101695,0.3357480662033689,0,High
343,63,55462.0,High,Mature Customer,562501.69,301722.21,1120,0.536393428435744,260779.47999999992,7087.613724285712,0.12779224918476997,1,Low
343,63,55462.0,High,Mature Customer,276387.55,95485.23,1604,0.34547587255648815,180902.32,3433.083928179551,0.06189974988604001,1,Low
344,53,77425.0,High,Mature Customer,559576.44,31639.75,1107,0.0565423197588519,527936.69,14517.066706052392,0.1874984398586037,1,Low
347,53,44586.0,Low,Mature Customer,369809.7,8089.26,512,0.02187411525441328,361720.44,21505.410534374998,0.4823354984608397,0,High
347,53,44586.0,Low,Mature Customer,526606.39,322746.6,1479,0.6128801437445527,203859.79000000004,4195.734961189994,0.09410431438545717,1,Low
349,48,76112.0,Low,Mature Customer,412334.21,206551.35,806,0.5009318775660162,205782.86000000002,7771.74970024814,0.10210938748486624,1,Low
349,48,76112.0,Low,Mature Customer,843439.33,222683.08,903,0.2640178991890264,620756.25,20925.603820598008,0.27493172982707076,0,High
350,67,44807.0,High,Mature Customer,135223.38,100270.32,251,0.7415161490564723,34953.06,4238.928870119522,0.09460416609278734,1,Low
350,67,44807.0,High,Mature Customer,202548.39,195608.15,537,0.9657353978473983,6940.24000000002,393.40950763501047,0.008780090334880945,1,Low
352,57,38258.0,Low,Mature Customer,351696.88,104447.71,820,0.2969821910276827,247249.16999999998,9178.371627804878,0.23990725149785347,0,High
353,43,25586.0,High,Established Professional,150041.44,130979.89,1610,0.8729580974429464,19061.550000000003,360.3935291925466,0.01408557528306678,1,Low
355,25,39543.0,Low,Young Professional,186564.02,59296.66,1681,0.3178354540173395,127267.35999999999,2304.591575490779,0.05828064576513616,1,Low
356,45,31758.0,High,Established Professional,70083.04,39114.09,407,0.5581106356116972,30968.949999999997,2316.203533169533,0.07293291558566449,1,Low
356,45,31758.0,High,Established Professional,355565.67,21344.63,714,0.06003006420726726,334221.04,14248.863385994398,0.4486700480507084,0,High
358,20,32733.0,High,Young Professional,264989.62,103607.56,1558,0.390987239424699,161382.06,3153.0615573812584,0.0963266904158268,1,Low
359,23,65648.0,Low,Young Professional,768435.93,105003.22,1464,0.13664538044180208,663432.7100000001,13794.324926502733,0.2101255929579383,0,High
359,23,65648.0,Low,Young Professional,609293.74,604696.38,332,0.9924546081829103,4597.359999999986,421.5169831325288,0.006420865572942493,1,Low
360,37,70143.0,High,Established Professional,637003.69,588260.65,1454,0.9234807572307785,48743.03999999992,1020.4526393397508,0.014548175004487273,1,Low
361,35,33452.0,Low,Established Professional,245198.12,138599.23,1398,0.565254048440502,106598.88999999998,2321.0802658082976,0.0693853959646149,1,Low
361,35,33452.0,Low,Established Professional,81219.68,52574.59,372,0.6473134343794509,28645.089999999997,2343.9691924731183,0.07006962789887355,1,Low
362,48,76642.0,Medium,Mature Customer,802969.69,597018.21,1229,0.7435127594915818,205951.47999999998,5101.02770642799,0.06655655784593291,1,Low
366,24,50301.0,Medium,Young Professional,575132.54,358964.67,864,0.6241425150453145,216167.87000000005,7615.914308796298,0.15140681713676266,1,Low
366,24,50301.0,Medium,Young Professional,135055.38,10154.27,694,0.07518597185835914,124901.11,5478.371453025937,0.10891178014405155,1,Low
371,33,34266.0,Medium,Established Professional,295028.63,97469.74,269,0.33037383524439645,197558.89,22355.734615613386,0.6524173996268425,0,High
373,65,65097.0,High,Mature Customer,276195.04,242559.01,1580,0.8782163865071583,33636.02999999997,648.0257931645565,0.009954772004309822,1,Low
375,55,26868.0,Low,Mature Customer,322121.27,24515.57,1544,0.07610664766098804,297605.7,5867.304085492228,0.21837517066741954,0,High
377,44,72395.0,High,Established Professional,147051.25,61087.56,1393,0.4154168019653012,85963.69,1878.4886745154345,0.02594776814027812,1,Low
377,44,72395.0,High,Established Professional,448235.87,307612.4,300,0.686273501493756,140623.46999999997,14268.594755999997,0.19709364950618133,1,Low
378,55,45267.0,Low,Mature Customer,215374.94,52362.69,1559,0.24312341073664373,163012.25,3182.8690763309814,0.0703132320748223,1,Low
378,55,45267.0,Low,Mature Customer,193829.06,8592.66,206,0.04433112351677297,185236.4,27371.82532038835,0.6046750462895343,0,High
381,65,65018.0,High,Mature Customer,590560.74,58520.38,1125,0.0990929061759168,532040.36,14395.829829688888,0.22141299070547985,0,High
381,65,65018.0,High,Mature Customer,502397.09,350575.47,1319,0.6978055346618348,151821.62000000005,3503.752928582261,0.05388896811009661,1,Low
382,22,76182.0,High,Young Professional,197692.82,168768.35,1479,0.8536898305158478,28924.47,595.3082263691683,0.00781428981083679,1,Low
383,28,26349.0,High,Young Professional,273965.08,36195.69,1470,0.13211789619319367,237769.39,4923.605599727892,0.18686119396287873,1,Low
384,50,60436.0,Medium,Mature Customer,261861.79,248031.31,188,0.9471840469737872,13830.48000000001,2239.3606978723424,0.03705342342101301,1,Low
385,26,27550.0,Low,Young Professional,281684.71,29411.02,477,0.10441113399445784,252273.69000000003,16098.975101886794,0.5843548131356368,0,High
385,26,27550.0,Low,Young Professional,314310.4,113342.2,840,0.36060594876911484,200968.2,7282.704771428572,0.2643450007778066,0,High
389,65,40592.0,Low,Mature Customer,449990.54,309057.64,239,0.6868091938110522,140932.89999999997,17949.78023430962,0.44219994664735957,1,Low
389,65,40592.0,Low,Mature Customer,257734.3,23191.11,1043,0.08998068941541736,234543.19,6845.153119463087,0.16863305871755732,1,Low
390,39,59922.0,High,Established Professional,584678.09,94744.75,189,0.1620460072310902,489933.33999999997,78907.78237883598,1.3168416003944459,0,High
391,44,67847.0,Medium,Established Professional,263381.96,159317.97,734,0.604893250851349,104063.99000000002,4315.678277384198,0.06360897721909882,1,Low
391,44,67847.0,Medium,Established Professional,461319.16,50056.01,1034,0.10850624543754048,411263.14999999997,12107.205305609285,0.17844864630137344,1,Low
392,35,51935.0,High,Established Professional,161454.68,145393.43,1291,0.9005216200608122,16061.25,378.70213013168086,0.007291848081865425,1,Low
393,36,50062.0,Medium,Established Professional,584154.64,376738.23,922,0.644928935255911,207416.41000000003,6847.891019956617,0.1367882030273784,1,Low
393,36,50062.0,Medium,Established Professional,424033.24,153150.86,1813,0.36117654361247714,270882.38,4548.074819194705,0.09084884381756032,1,Low
394,55,36423.0,Low,Mature Customer,305783.62,278486.92,225,0.9107319744595868,27296.70000000001,3692.940213333335,0.10139033614291341,1,Low
394,55,36423.0,Low,Mature Customer,316982.16,112699.36,1652,0.3555384946585007,204282.8,3764.1455399515735,0.10334529116084819,1,Low
395,68,36225.0,High,Mature Customer,410163.81,14327.83,1669,0.034931970229162834,395835.98,7219.441121150389,0.19929444088751938,1,Low
396,57,74537.0,High,Mature Customer,648804.58,414800.75,1013,0.6393307981888784,234003.82999999996,7031.664940967422,0.09433791192250053,1,Low
398,52,32983.0,High,Mature Customer,219472.25,92760.8,1392,0.4226538890451982,126711.45,2770.9026853448277,0.0840100259328996,1,Low
399,48,40058.0,Low,Mature Customer,240432.0,23698.2,1063,0.09856508285086844,216733.8,6206.375232361242,0.15493472545711823,1,Low
400,43,55895.0,High,Established Professional,145686.75,66084.58,425,0.4536073458979626,79602.17,5701.388364235294,0.10200175980383387,1,Low
401,38,70012.0,Low,Established Professional,168968.18,24248.85,1014,0.14351134041924343,144719.33,4344.434324654832,0.06205270988765972,1,Low
402,44,45408.0,Low,Established Professional,285254.17,152706.69,348,0.5353355220013085,132547.47999999998,11594.095664367815,0.255331564137769,1,Low
402,44,45408.0,Low,Established Professional,512200.35,172379.7,1393,0.3365474076696746,339820.64999999997,7425.800851399857,0.16353507865133582,1,Low
403,65,33035.0,Medium,Mature Customer,113236.63,107695.05,562,0.9510619487704641,5541.580000000002,300.1524825622777,0.009085893221198054,1,Low
403,65,33035.0,Medium,Mature Customer,108364.21,12443.49,1802,0.11483025622574095,95920.72,1620.325592008879,0.049048754109546816,1,Low
405,67,44256.0,High,Mature Customer,436298.53,319528.94,618,0.7323630909322568,116769.59000000003,5751.563623948222,0.12996121709933617,1,Low
406,33,61866.0,Medium,Established Professional,669875.14,339365.09,517,0.5066094705350612,330510.05,19459.818030947776,0.3145478620073671,1,Low
406,33,61866.0,Medium,Established Professional,691323.95,261929.65,580,0.3788812032333033,429394.29999999993,22535.797399999996,0.3642678918953867,0,High
407,38,40694.0,High,Established Professional,143560.79,109241.53,789,0.760942664079795,34319.26000000001,1324.0535797211664,0.03253682556940007,1,Low
408,36,58306.0,Low,Established Professional,164977.42,32257.82,1113,0.19552869719989557,132719.6,3629.815475292004,0.06225457886481673,1,Low
409,63,53192.0,Low,Mature Customer,595729.45,292400.26,1629,0.4908272706679182,303329.18999999994,5668.103464456721,0.1065593221622936,1,Low
410,59,79962.0,High,Mature Customer,319170.81,77087.17,1380,0.2415232458131118,242083.64,5339.873914202899,0.06678014449617192,1,Low
410,59,79962.0,High,Mature Customer,602514.94,77132.74,572,0.1280179708074957,525382.2,27959.15064335664,0.3496554693899182,0,High
412,51,37810.0,Medium,Mature Customer,207074.38,45582.62,650,0.22012679695093135,161491.76,7562.7833452307705,0.20002071793786752,0,High
415,61,68385.0,Medium,Mature Customer,657216.33,130494.77,358,0.19855679788114822,526721.5599999999,44786.04549273742,0.6549103676645086,0,High
415,61,68385.0,Medium,Mature Customer,767013.22,214840.84,616,0.2801005698441547,552172.38,27285.920855844157,0.399004472557493,0,High
416,22,59138.0,High,Young Professional,654077.43,8941.76,1596,0.013670797354985937,645135.67,12304.467289974938,0.20806363573294562,0,High
416,22,59138.0,High,Young Professional,557303.27,319937.32,841,0.5740811820465364,237365.95,8591.461971462546,0.14527819627756342,1,Low
419,21,77547.0,Low,Young Professional,665411.9,176036.73,1378,0.26455302347313,489375.17000000004,10810.290402612483,0.1394030768774096,1,Low
420,25,57691.0,Low,Young Professional,323980.99,321450.48,763,0.9921893256761762,2530.5100000000093,100.95507785059016,0.0017499276811043345,1,Low
421,70,32537.0,Medium,Mature Customer,261059.05,35292.47,911,0.1351896055700808,225766.58,7543.726339407245,0.23185070348855902,0,High
421,70,32537.0,Medium,Mature Customer,102553.85,10932.87,1491,0.1066061391161814,91620.98000000001,1870.5181966465464,0.057488957084136406,1,Low
422,29,75167.0,Medium,Young Professional,685696.57,136105.61,515,0.19849247605249068,549590.96,32484.560820194172,0.4321651897800121,0,High
423,36,59468.0,High,Established Professional,298461.86,37101.41,769,0.12430871401793182,261360.44999999998,10345.659425227568,0.17397019279658923,1,Low
424,34,28357.0,High,Established Professional,156696.25,138393.43,1086,0.8831955455219892,18302.820000000007,513.0182696132599,0.01809141550986564,1,Low
424,34,28357.0,High,Established Professional,273268.45,59365.8,747,0.21724352006241482,213902.65000000002,8716.461400267739,0.3073830588661614,0,High
426,38,73297.0,Low,Established Professional,661488.28,543112.52,1569,0.8210463229975896,118375.76000000001,2296.5953692797966,0.031332733526335275,1,Low
427,32,33840.0,Low,Established Professional,147138.34,37813.22,1616,0.2569909379159776,109325.12,2059.3172356435643,0.06085452824005805,1,Low
427,32,33840.0,Low,Established Professional,131966.21,84286.3,384,0.638696072274865,47679.90999999999,3779.6261989583327,0.11169108152950155,1,Low
428,22,65089.0,Low,Young Professional,232107.64,71065.89,573,0.3061764360707816,161041.75,8555.167312390926,0.13143798971240803,1,Low
428,22,65089.0,Low,Young Professional,752897.37,86397.06,866,0.11475277168254686,666500.31,23427.562859584297,0.35993121509908427,0,High
429,26,61768.0,Low,Young Professional,589310.19,260983.66,1798,0.442862968312155,328326.5299999999,5558.542587986651,0.08999065192310987,1,Low
429,26,61768.0,Low,Young Professional,586153.48,274079.93,552,0.46759072384932354,312073.55,17209.273300724635,0.278611470352361,0,High
430,69,53617.0,Low,Mature Customer,632135.72,36759.0,951,0.058150487050470746,595376.72,19057.063466666666,0.3554294993503304,0,High
432,54,66993.0,Medium,Mature Customer,537264.77,238227.34,793,0.4434077075256581,299037.43000000005,11478.81383253468,0.17134348114780173,1,Low
432,54,66993.0,Medium,Mature Customer,755493.67,324007.27,553,0.4288682789360763,431486.4,23751.258618444852,0.35453343809718707,0,High
433,33,79177.0,High,Established Professional,432391.05,172455.29,1634,0.39884102596480664,259935.75999999998,4842.377316034272,0.061158888516037124,1,Low
433,33,79177.0,High,Established Professional,515115.32,338372.15,507,0.6568862094802383,176743.16999999998,10611.562317159762,0.13402329359738008,1,Low
435,26,60720.0,Medium,Young Professional,194313.56,112187.9,940,0.5773549720359197,82125.66,2659.473500425532,0.0437989706921201,1,Low
435,26,60720.0,Medium,Young Professional,455818.09,253393.2,583,0.5559086081906052,202424.89,10569.148630531734,0.1740637126240404,1,Low
436,65,26471.0,Medium,Mature Customer,92931.64,47209.96,1010,0.50800739123941,45721.68,1377.9880586138615,0.05205651689070536,1,Low
436,65,26471.0,Medium,Mature Customer,243851.41,174486.58,592,0.7155446835431462,69364.83000000002,3566.6645695945954,0.13473856558477562,1,Low
437,55,59665.0,High,Mature Customer,211340.52,38546.56,1471,0.18239076917195055,172793.96,3575.6955420802174,0.05992953225643539,1,Low
437,55,59665.0,High,Mature Customer,334346.63,164254.44,1194,0.49126991350264243,170092.19,4336.353654606366,0.07267834835508868,1,Low
439,26,35177.0,Low,Young Professional,195275.5,171458.49,279,0.8780338035237395,23817.01000000001,2598.529693189965,0.07387013370071255,1,Low
440,23,42987.0,Low,Young Professional,269072.21,129095.54,434,0.47978027905594556,139976.67000000004,9817.71851336406,0.22838808275441552,0,High
440,23,42987.0,Low,Young Professional,362473.6,141911.9,623,0.39150961614859675,220561.69999999998,10776.72254895666,0.2506972468177975,0,High
441,36,33366.0,Medium,Established Professional,148116.64,70926.04,1758,0.47885261237359955,77190.60000000002,1336.5653378839595,0.04005770358700352,1,Low
442,62,28588.0,High,Mature Customer,272797.79,18591.72,1373,0.06815201838695248,254206.06999999998,5635.857808302986,0.19714068169522128,1,Low
443,69,40238.0,High,Mature Customer,318612.18,241308.13,1604,0.7573725838101983,77304.04999999999,1467.0419463840396,0.03645911691396291,1,Low
443,69,40238.0,High,Mature Customer,467892.33,117024.1,199,0.25010903683759894,350868.23,53670.497091457284,1.3338261616247649,0,High
445,21,52648.0,Medium,Young Professional,342981.29,219285.49,427,0.6393511727709695,123695.79999999999,8818.033142857143,0.1674903727179977,1,Low
445,21,52648.0,Medium,Young Professional,165515.38,20914.37,1404,0.1263590730964095,144601.01,3135.0817267806274,0.05954797384099353,1,Low
447,53,53789.0,Medium,Mature Customer,180649.71,108276.07,1550,0.5993702951419075,72373.63999999998,1421.3249042580644,0.02642408121099229,1,Low
448,61,51696.0,Low,Mature Customer,284641.88,249873.07,1105,0.8778506873268263,34768.81,957.7941867873303,0.01852743320155003,1,Low
450,63,47158.0,Low,Mature Customer,158877.44,57046.45,1683,0.35905947376795594,101830.99,1841.7916432560905,0.039055762399934066,1,Low
450,63,47158.0,Low,Mature Customer,456951.64,49537.23,1199,0.10840803635150538,407414.41000000003,10343.365004503756,0.2193342593940319,0,High
451,59,77659.0,Medium,Mature Customer,822958.24,742876.54,1215,0.9026904451433648,80081.69999999995,2006.3267061728386,0.025835082941743245,1,Low
452,56,61130.0,Medium,Mature Customer,149705.14,713.93,1089,0.0047689077342301,148991.21000000002,4164.639515518826,0.06812758899916287,1,Low
452,56,61130.0,Medium,Mature Customer,691376.24,308215.24,599,0.4457995837403958,383161.0,19471.487212020034,0.31852588274202576,0,High
453,37,72007.0,Low,Established Professional,686988.58,115925.8,1654,0.16874487200354918,571062.7799999999,10509.764826602175,0.1459547658783476,1,Low
455,62,73149.0,Medium,Mature Customer,293041.74,64504.81,1454,0.2201215772196821,228536.93,4784.5007903713895,0.06540760352665641,1,Low
456,56,47273.0,Medium,Mature Customer,121988.43,101664.22,1706,0.8333923143366958,20324.209999999992,362.6429967174676,0.007671249904120061,1,Low
457,27,70353.0,High,Young Professional,599082.9,314469.49,835,0.5249181540651552,284613.41000000003,10375.607425628745,0.14747924645187477,1,Low
459,54,55782.0,High,Mature Customer,512775.12,456028.96,903,0.88933519239389,56746.159999999974,1912.9048841638973,0.034292511637515635,1,Low
460,50,76760.0,Low,Mature Customer,332980.2,257882.03,1064,0.77446655987353,75098.17000000001,2148.4852394736845,0.027989646163023508,1,Low
461,69,30328.0,Low,Mature Customer,233627.74,39044.27,1680,0.16712172107644407,194583.47,3525.667158809524,0.11625122523112386,1,Low
462,61,31610.0,High,Mature Customer,155892.86,135112.81,724,0.8667030035884903,20780.04999999999,873.6805552486184,0.027639372200209376,1,Low
463,69,60787.0,Medium,Mature Customer,576133.03,347613.91,907,0.6033570232902633,228519.12000000005,7669.373773759649,0.12616799272475446,1,Low
465,32,68487.0,Low,Established Professional,247699.36,208137.11,1545,0.8402811779570202,39562.25,779.4659482200648,0.01138122487800699,1,Low
466,64,46066.0,Low,Mature Customer,118396.78,10113.61,1308,0.0854213264921563,108283.17,2519.9844761467893,0.054703783183840345,1,Low
467,69,69098.0,Medium,Mature Customer,400149.32,45041.4,293,0.11256148079921766,355107.92,36892.44056245734,0.533914737944041,0,High
468,64,74701.0,Medium,Mature Customer,585957.24,373750.65,838,0.6378462872137224,212206.58999999997,7708.315751312648,0.10318892319129125,1,Low
469,38,73522.0,Low,Established Professional,371975.84,55259.97,1309,0.14855795473168365,316715.87,7365.035204583652,0.10017457637963673,1,Low
470,52,68212.0,Low,Mature Customer,456771.68,99165.02,909,0.21709975539639412,357606.66,11975.298933333333,0.17556000312750444,1,Low
472,63,71155.0,Low,Mature Customer,668490.39,168993.81,976,0.252799161406045,499496.58,15578.561368032786,0.2189383931984089,0,High
473,52,52946.0,Low,Mature Customer,203263.97,77797.39,666,0.3827406795213141,125466.58,5734.538581381382,0.10830919392175767,1,Low
474,35,58429.0,Medium,Established Professional,293131.61,227153.26,949,0.774919020162991,65978.34999999998,2116.31293361433,0.03622024908203683,1,Low
476,23,32135.0,Low,Young Professional,180377.19,65090.19,1722,0.3608559929334746,115287.0,2037.9420905923346,0.06341814503165814,1,Low
479,25,74895.0,Medium,Young Professional,727947.34,11622.48,1777,0.01596609996541783,716324.86,12270.64082070906,0.1638379173604254,1,Low
479,25,74895.0,Medium,Young Professional,895776.6,129004.16,300,0.1440137641461052,766772.44,77801.84357866667,1.0388122515343703,0,High
480,51,70824.0,Medium,Mature Customer,293505.15,45209.72,948,0.15403382189375553,248295.43000000002,7972.6929210970475,0.11257049758693448,1,Low
481,65,39865.0,High,Mature Customer,255519.68,25037.63,1319,0.09798709046598682,230482.05,5319.085369219106,0.1334274518805746,1,Low
481,65,39865.0,High,Mature Customer,459415.33,271151.27,305,0.5902094516523861,188264.06,18789.370447213118,0.471324982997946,1,Low
484,65,31639.0,Medium,Mature Customer,240836.53,233748.06,1064,0.970567297245148,7088.470000000001,202.7941981203008,0.006409627299228825,1,Low
485,64,70986.0,Medium,Mature Customer,264645.98,16076.28,1524,0.060746360099631976,248569.69999999998,4964.869860892389,0.06994153580836206,1,Low
487,49,41418.0,High,Mature Customer,375970.56,169184.91,262,0.44999510068022347,206785.65,24025.019793893127,0.5800622867809437,0,High
488,42,33057.0,High,Established Professional,255625.23,149318.58,1360,0.5841308387282428,106306.65000000002,2379.3929602941184,0.07197849049502733,1,Low
489,68,57260.0,Low,Mature Customer,608002.96,62286.89,206,0.10244504401754886,545716.07,80638.82121747572,1.4082923719433413,0,High
491,20,51170.0,Low,Young Professional,493731.51,125847.37,1553,0.2548902945246496,367884.14,7210.813407340632,0.1409187689533053,1,Low
491,20,51170.0,Low,Young Professional,384446.98,286983.63,329,0.7464842876383111,97463.34999999998,9017.581683890576,0.1762279007991123,1,Low
492,27,49022.0,Medium,Young Professional,263165.95,206030.95,1078,0.7828936456255075,57135.0,1613.348237476809,0.03291069800246438,1,Low
493,61,63468.0,Low,Mature Customer,697867.78,582659.28,381,0.8349135705906927,115208.5,9204.584619422572,0.14502717305449317,1,Low
494,61,48058.0,Low,Mature Customer,572820.01,141330.51,1244,0.2467276064605355,431489.5,10558.312202572348,0.21969936748454674,0,High
495,70,35778.0,Low,Mature Customer,381373.71,144588.51,1327,0.3791255301787845,236785.2,5431.606245666919,0.15181413845566882,1,Low
495,70,35778.0,Low,Mature Customer,223863.85,186110.41,1399,0.831355352818242,37753.44,821.4544057183703,0.022959763142667847,1,Low
496,56,29543.0,Low,Mature Customer,324882.22,288919.81,1193,0.8893063153779238,35962.409999999974,917.5991285834026,0.031059781626219498,1,Low
497,58,70576.0,Low,Mature Customer,316115.36,206206.76,850,0.6523149017497917,109908.59999999998,3936.0209223529405,0.055769963193620216,1,Low
498,42,75314.0,Medium,Established Professional,802675.96,777181.83,281,0.9682385778689572,25494.130000000005,2761.7128725978655,0.0366693160979083,1,Low
498,42,75314.0,Medium,Established Professional,850716.52,675610.32,571,0.794166216497124,175106.20000000007,9334.90845534151,0.1239465232936972,1,Low
499,65,58182.0,Medium,Mature Customer,190134.26,109649.76,1290,0.5766964880500757,80484.50000000001,1899.184635658915,0.032642133918719105,1,Low
499,65,58182.0,Medium,Mature Customer,584669.23,92213.11,1337,0.15771842482629025,492456.12,11211.940383545252,0.1927046231402367,1,Low
500,22,70488.0,High,Young Professional,549174.83,508764.38,1727,0.9264160558851542,40410.44999999995,712.2722049797328,0.010104871821866599,1,Low
500,22,70488.0,High,Young Professional,462794.61,171567.91,1374,0.37072149565441137,291226.69999999995,6451.921941775836,0.09153220323708768,1,Low
501,59,41342.0,High,Mature Customer,169377.57,79551.97,1440,0.46967240113316067,89825.6,1898.813377777778,0.04592940297464511,1,Low
502,57,49703.0,Low,Mature Customer,531720.55,249191.56,1726,0.46865136207355534,282528.99000000005,4982.724481807649,0.10024997448459144,1,Low
503,24,50059.0,High,Young Professional,251999.01,2475.05,230,0.00982166556924172,249523.96000000002,33023.9536626087,0.6597006265128887,0,High
503,24,50059.0,High,Young Professional,210025.11,6852.82,206,0.03262857474518166,203172.28999999998,30022.157803883492,0.5997354682251641,0,High
504,20,50038.0,Low,Young Professional,220897.06,204068.08,1304,0.9238152830101043,16828.98000000001,392.8482754601229,0.007850998750152343,1,Low
504,20,50038.0,Low,Young Professional,145175.48,63584.54,1733,0.4379840176867333,81590.94,1433.1380343912292,0.028640993532739703,1,Low
505,43,46720.0,Low,Established Professional,405657.94,174310.75,642,0.4296988492324346,231347.19,10969.172061682244,0.2347853609092946,0,High
505,43,46720.0,Low,Established Professional,544902.08,344303.29,314,0.6318626825575707,200598.78999999998,19446.58333630573,0.4162368008627083,1,Low
506,36,42225.0,High,Established Professional,287865.93,217563.59,582,0.7557809637284968,70302.34,3676.9814941580757,0.08708067481724277,1,Low
507,29,67554.0,Medium,Young Professional,566348.26,177329.61,713,0.31311054085343176,389018.65,16608.313753155682,0.24585241071077482,0,High
507,29,67554.0,Medium,Young Professional,446931.24,393251.12,190,0.8798917703761321,53680.119999999995,8600.120277894737,0.12730734342740233,1,Low
508,37,73279.0,Medium,Established Professional,751753.16,197117.92,1556,0.2622109629708773,554635.24,10850.319219537276,0.14806860382288617,1,Low
510,40,48788.0,Medium,Established Professional,288510.92,84009.81,233,0.2911841603777077,204501.11,26716.797375107297,0.5476100142475054,0,High
511,29,62142.0,Low,Young Professional,652724.8,560792.87,1798,0.8591566767495274,91931.93000000005,1556.400416685207,0.025045869406926182,1,Low
511,29,62142.0,Low,Young Professional,494222.29,128709.71,1570,0.26042878397896624,365512.57999999996,7086.753461910827,0.11404128386454937,1,Low
512,42,77004.0,Medium,Established Professional,505491.35,284368.83,1281,0.5625592406279554,221122.51999999996,5254.464878064012,0.06823625887050039,1,Low
513,70,31699.0,High,Mature Customer,167628.6,156739.02,1436,0.9350374578085123,10889.580000000016,230.83482952646276,0.007282085539810806,1,Low
513,70,31699.0,High,Mature Customer,241869.35,157873.25,1286,0.6527211901797396,83996.1,1988.212506998445,0.06272161604462112,1,Low
514,44,73883.0,Medium,Established Professional,190761.54,176242.61,216,0.9238896372927162,14518.930000000022,2046.0936537037069,0.027693700224729733,1,Low
515,69,55079.0,High,Mature Customer,377394.91,266867.02,1329,0.7071293568850731,110527.88999999996,2531.5793616252813,0.045962696520003656,1,Low
517,40,28230.0,Low,Established Professional,274547.54,28544.11,208,0.10396782284044506,246003.43,36001.65581346154,1.2752977617237529,0,High
517,40,28230.0,Low,Established Professional,68177.07,22109.81,881,0.32429979757123617,46067.26000000001,1591.6996531214534,0.05638326791078475,1,Low
518,29,77072.0,Low,Young Professional,227889.74,214860.16,1566,0.9428250697025676,13029.579999999987,253.26974150702404,0.0032861446635227324,1,Low
518,29,77072.0,Low,Young Professional,386944.91,19062.16,976,0.04926324008241897,367882.75,11473.72019467213,0.14887014992049163,1,Low
520,29,42948.0,High,Young Professional,180353.56,8245.79,1242,0.04572013992959164,172107.77,4218.164668921095,0.09821562514950859,1,Low
521,48,29326.0,Medium,Mature Customer,284805.66,167530.17,541,0.5882262662897922,117275.48999999996,6598.643097227356,0.22500999444954498,1,Low
522,36,51602.0,Medium,Established Professional,458025.07,419743.8,1562,0.9164210159937315,38281.27000000002,746.0191157490401,0.014457174445739315,1,Low
523,22,51163.0,Low,Young Professional,519062.72,328495.63,1128,0.6328630767395509,190567.08999999997,5142.608350709219,0.10051420656938059,1,Low
524,21,79811.0,Low,Young Professional,281986.7,141013.96,326,0.5000730885534672,140972.74000000002,13163.221489570555,0.16492991554510725,1,Low
524,21,79811.0,Low,Young Professional,178403.09,112196.13,491,0.6288911812009534,66206.95999999999,4104.5618378818735,0.05142852285877728,1,Low
525,54,58604.0,High,Mature Customer,195257.08,156001.21,1702,0.7989528984045035,39255.869999999995,702.085007520564,0.011980155066557982,1,Low
526,41,56067.0,Low,Established Professional,661035.97,392192.83,797,0.5933002859133369,268843.13999999996,10267.986426097865,0.18313778918254703,1,Low
527,67,25097.0,High,Mature Customer,195287.9,70221.33,976,0.35957849923113516,125066.56999999999,3900.6417938524587,0.15542263194216277,1,Low
528,31,61438.0,High,Established Professional,607683.25,187144.12,1201,0.3079632686930239,420539.13,10658.793602997503,0.17348861621467987,1,Low
528,31,61438.0,High,Established Professional,189034.3,150834.7,279,0.7979223876301815,38199.59999999998,4167.726967741934,0.06783630599534382,1,Low
529,48,46088.0,Low,Mature Customer,390345.5,344063.24,1090,0.8814325770375219,46282.26000000001,1292.5064168807344,0.028044315589323347,1,Low
530,62,69134.0,Medium,Mature Customer,256168.39,252920.26,1565,0.9873203325359542,3248.1300000000047,63.17768511182118,0.000913843913440871,1,Low
530,62,69134.0,Medium,Mature Customer,627733.41,211958.24,1098,0.3376564583363501,415775.17000000004,11526.590323132972,0.1667282425887837,1,Low
531,66,78182.0,High,Mature Customer,697085.19,317653.31,1037,0.45568793392382934,379431.87999999995,11137.80754792671,0.14245999779906768,1,Low
532,63,74073.0,High,Mature Customer,498976.76,45198.64,369,0.090582655593018,453778.12,37433.62052249323,0.505361204791128,0,High
532,63,74073.0,High,Mature Customer,382313.31,149159.29,1463,0.3901493515880993,233154.02,4851.133539849624,0.06549125241112988,1,Low
533,31,40674.0,Low,Established Professional,290615.7,51385.83,311,0.17681711621223492,239229.87,23415.296600643087,0.5756821704440942,0,High
534,57,25007.0,Low,Mature Customer,108691.34,92150.0,1300,0.8478136344625065,16541.339999999997,387.3218381538461,0.015488536735867801,1,Low
534,57,25007.0,Low,Mature Customer,297458.86,277249.45,1701,0.9320598149270122,20209.409999999974,361.65457989417945,0.014462133798303653,1,Low
535,43,76022.0,High,Established Professional,300078.73,164414.98,598,0.5479061444974791,135663.74999999997,6905.693227424748,0.09083808933499182,1,Low
536,58,37928.0,High,Mature Customer,264999.56,245620.69,1429,0.9268720672592815,19378.869999999995,412.80112162351287,0.01088380936573278,1,Low
536,58,37928.0,High,Mature Customer,214505.51,88859.76,442,0.414253974175302,125645.75000000001,8653.069298642535,0.22814462398867683,0,High
537,48,79097.0,High,Mature Customer,534156.46,288167.55,1400,0.5394815406706867,245988.90999999997,5348.501728857143,0.06761952702197482,1,Low
537,48,79097.0,High,Mature Customer,225362.61,206815.47,1043,0.9177008998963937,18547.139999999985,541.2990811121759,0.0068434843434286505,1,Low
538,69,72278.0,High,Mature Customer,751436.49,164355.24,887,0.21872139853096567,587081.25,20147.410653889518,0.2787488676207078,0,High
539,27,64145.0,Low,Young Professional,551691.79,299852.68,961,0.5435148491153003,251839.11000000004,7977.088978563997,0.1243602615724374,1,Low
540,23,54164.0,High,Young Professional,597267.86,235721.11,782,0.3946656530287767,361546.75,14073.50776214834,0.2598313965391836,0,High
541,50,63640.0,High,Mature Customer,447408.35,148358.55,896,0.3315953982530724,299049.8,10159.6829375,0.15964303798711502,1,Low
542,24,64442.0,Medium,Young Professional,296601.34,75457.42,1243,0.2544068748981377,221143.92000000004,5415.624235559132,0.08403873615901325,1,Low
543,26,69258.0,Low,Young Professional,317605.96,58959.25,1150,0.18563647231305103,258646.71000000002,6846.265958608697,0.09885162665119837,1,Low
545,60,54002.0,Medium,Mature Customer,357064.08,254792.7,609,0.713576957951077,102271.38,5111.889666995074,0.09466111749555708,1,Low
545,60,54002.0,Medium,Mature Customer,487164.24,352250.55,1426,0.7230632322273901,134913.69,2879.9247711079943,0.0533299650218139,1,Low
546,40,79150.0,Low,Established Professional,237377.76,73295.62,782,0.3087720601963722,164082.14,6387.033684910487,0.08069530871649383,1,Low
547,43,71107.0,High,Established Professional,168802.14,64145.79,1390,0.38000578665649615,104656.35,2291.8987726618707,0.03223168988512904,1,Low
547,43,71107.0,High,Established Professional,275586.65,131263.62,1423,0.4763061635968215,144323.03000000003,3087.275497680956,0.04341732175005212,1,Low
549,51,37366.0,Medium,Mature Customer,260759.81,194708.08,1086,0.7466951291305205,66051.73000000001,1851.3947156537756,0.049547575754797825,1,Low
549,51,37366.0,Medium,Mature Customer,425126.69,313746.51,1447,0.7380070867815898,111380.18,2343.0633581202487,0.06270575812557536,1,Low
550,43,72309.0,High,Established Professional,532797.34,148072.16,1302,0.2779146006997708,384725.17999999993,8994.650137634408,0.12439184800833102,1,Low
550,43,72309.0,High,Established Professional,717635.82,245437.32,978,0.3420081790231709,472198.49999999994,14697.057607361963,0.20325350381504326,0,High
551,23,74782.0,Low,Young Professional,654947.17,442258.79,1594,0.6752587235394879,212688.38000000006,4061.6275327478056,0.0543129032754915,1,Low
551,23,74782.0,Low,Young Professional,332066.49,250347.72,1443,0.7539084115352922,81718.76999999999,1723.8526395010394,0.023051705483953886,1,Low
554,25,45213.0,Medium,Young Professional,503719.17,216673.42,683,0.43014725844164325,287045.75,12793.078521229869,0.28295133083913626,0,High
555,39,77669.0,High,Established Professional,411413.56,176585.0,696,0.42921531317538486,234828.56,10270.375526436781,0.13223262210710554,1,Low
556,37,50468.0,High,Established Professional,403596.0,135570.66,917,0.3359068474415009,268025.33999999997,8897.15523402399,0.17629300218007432,1,Low
557,28,30297.0,Low,Young Professional,91742.04,41331.33,1770,0.45051679687959856,50410.70999999999,866.9502894915253,0.028615053948956175,1,Low
557,28,30297.0,Low,Young Professional,239984.41,214423.36,1279,0.8934887062038738,25561.050000000017,608.3489929632531,0.02007951259079292,1,Low
558,31,40027.0,Low,Established Professional,93407.01,86718.66,646,0.9283956311201912,6688.349999999991,315.16002167182626,0.007873685803878039,1,Low
559,53,44184.0,Low,Mature Customer,170155.58,70101.09,838,0.4119823164188915,100054.48999999999,3634.437560381861,0.08225687036895395,1,Low
559,53,44184.0,Low,Mature Customer,408420.1,393061.81,1506,0.962395851722283,15358.289999999979,310.42918167330635,0.0070258279393741255,1,Low
560,40,48900.0,Low,Established Professional,178443.12,114579.78,1652,0.6421081406781052,63863.34,1176.755490072639,0.024064529449338224,1,Low
560,40,48900.0,Low,Established Professional,262339.08,202469.29,361,0.7717847070287812,59869.79000000001,5048.300298060943,0.10323722490922173,1,Low
562,31,73840.0,High,Established Professional,567498.19,250114.99,533,0.4407326655966956,317383.19999999995,18125.974874296437,0.24547636611994092,0,High
563,43,69699.0,Medium,Established Professional,292091.66,39733.5,1750,0.1360309294691947,252358.15999999997,4389.589937371428,0.0629792384018627,1,Low
564,61,33608.0,High,Mature Customer,173884.55,16485.89,1279,0.09480940083520935,157398.65999999997,3746.0634952306486,0.11146344606137373,1,Low
564,61,33608.0,High,Mature Customer,148406.72,89057.42,1516,0.6000902115483719,59349.3,1191.6838337730871,0.035458338305554844,1,Low
565,36,70022.0,Medium,Established Professional,654069.54,156629.5,624,0.23946918549364032,497440.04000000004,24266.145541025642,0.34655030620413074,0,High
566,34,66677.0,Medium,Established Professional,471844.36,37578.25,638,0.07964119778818592,434266.11,20719.530389341693,0.31074479039761377,0,High
566,34,66677.0,Medium,Established Professional,729912.81,163417.48,1562,0.22388630225574477,566495.3300000001,11039.768146734958,0.1655708587179231,1,Low
568,32,70012.0,Medium,Established Professional,811785.38,78620.6,897,0.09684899720662622,733164.78,24880.19610167224,0.35537045223207797,0,High
570,50,69813.0,High,Mature Customer,285586.18,257628.13,1581,0.9021029308911237,27958.04999999999,538.2941442125235,0.007710514434453805,1,Low
570,50,69813.0,High,Mature Customer,384677.48,245912.43,820,0.6392691092808448,138765.05,5151.22941707317,0.07378610598417444,1,Low
571,36,52634.0,Medium,Established Professional,554548.17,545497.03,1242,0.9836783520537089,9051.140000000014,221.8330930756847,0.004214634895232829,1,Low
572,53,76376.0,High,Mature Customer,252652.96,157681.15,562,0.6241017322733919,94971.81,5144.024726690392,0.06735132406371624,1,Low
572,53,76376.0,High,Mature Customer,430829.22,171761.31,1135,0.39867609258257836,259067.90999999997,6948.041568634361,0.09097152991298786,1,Low
573,64,65977.0,High,Mature Customer,577230.54,284450.39,1309,0.49278471994915585,292780.15,6808.424572956455,0.10319390958904551,1,Low
574,59,39879.0,Low,Mature Customer,176696.18,20295.34,212,0.11486009488150792,156400.84,22456.799856603775,0.5631234448357224,0,High
574,59,39879.0,Low,Mature Customer,277530.01,189508.55,833,0.6828398485626833,88021.46000000002,3216.5345046818734,0.08065735110413685,1,Low
577,44,52188.0,High,Established Professional,468699.49,172170.52,456,0.36733669157608856,296528.97,19794.609313157893,0.37929426904954955,0,High
578,34,50018.0,Medium,Established Professional,167678.14,142373.56,506,0.8490883784851143,25304.580000000016,1522.2755241106731,0.03043455404275807,1,Low
580,48,32526.0,Medium,Mature Customer,99219.19,75241.44,477,0.7583355598851391,23977.75,1530.152431865828,0.047043978105694766,1,Low
580,48,32526.0,Medium,Mature Customer,149447.29,25263.88,911,0.16904876629077717,124183.41,4149.443469154776,0.12757312516616787,1,Low
581,26,39222.0,Medium,Young Professional,321436.3,75583.9,1651,0.23514425719808246,245852.4,4532.857090248334,0.11556924915221901,1,Low
581,26,39222.0,Medium,Young Professional,207707.02,100253.45,1638,0.48266760555324517,107453.56999999999,1996.8783094017094,0.05091220002553948,1,Low
582,55,30134.0,High,Mature Customer,242602.65,73382.96,308,0.3024821039671249,169219.69,16724.179751948053,0.5549936865981301,0,High
586,56,56151.0,Medium,Mature Customer,177911.44,131800.08,574,0.740818465636611,46111.360000000015,2445.348080836238,0.04354950189375501,1,Low
586,56,56151.0,Medium,Mature Customer,171233.71,39935.88,484,0.23322440423675922,131297.83,8257.656911570248,0.14706161798668319,1,Low
587,54,25385.0,Medium,Mature Customer,178841.9,127552.77,674,0.7132152476572884,51289.12999999999,2316.3814795252224,0.09125000904176571,1,Low
587,54,25385.0,Medium,Mature Customer,298293.73,123970.71,541,0.41559944957609407,174323.01999999996,9808.489332347504,0.3863891799230847,0,High
589,39,50990.0,High,Established Professional,515934.06,318406.62,1791,0.6171459585358641,197527.44,3357.1944576214405,0.06584025215966739,1,Low
590,37,32632.0,Medium,Established Professional,238902.13,169849.26,1370,0.7109574954396598,69052.87,1534.2842064233575,0.04701778029000238,1,Low
591,60,50778.0,Medium,Mature Customer,407900.1,263204.08,656,0.6452660345020754,144696.01999999996,6714.248245121949,0.13222750492579363,1,Low
591,60,50778.0,Medium,Mature Customer,118025.69,90433.53,1697,0.7662190324835212,27592.160000000003,494.93538621096064,0.009747043723875706,1,Low
592,20,55010.0,Medium,Young Professional,396740.97,239510.76,635,0.603695554809981,157230.20999999996,7537.145814803148,0.1370141031594828,1,Low
593,50,78269.0,Low,Mature Customer,744068.01,4434.25,1806,0.005959468678138709,739633.76,12466.473784274642,0.15927728454783685,1,Low
595,47,45126.0,High,Mature Customer,529017.93,443612.75,1261,0.838559006875249,85405.18000000005,2061.6444720063455,0.045686399681034114,1,Low
597,22,48835.0,Medium,Young Professional,114580.35,22763.57,256,0.1986690562561556,91816.78,10917.588996875,0.22356074530306133,0,High
597,22,48835.0,Medium,Young Professional,358180.68,146459.23,591,0.4088976267508343,211721.44999999998,10904.908524534687,0.2233010857895912,0,High
598,52,30643.0,Medium,Mature Customer,272207.01,95080.8,1328,0.3492959273899669,177126.21000000002,4060.031500301205,0.13249458278566736,1,Low
599,28,71868.0,Medium,Young Professional,594929.9,45338.45,699,0.07620805409175097,549591.4500000001,23933.567579399147,0.33302119969108845,0,High
599,28,71868.0,Medium,Young Professional,785129.43,740153.22,1108,0.9427149100753999,44976.21000000008,1235.6280075812297,0.017193020643140614,1,Low
600,54,51635.0,Medium,Mature Customer,528217.11,241883.36,799,0.4579241289628047,286333.75,10908.634981226534,0.21126435520919018,0,High
600,54,51635.0,Medium,Mature Customer,413199.28,203042.85,405,0.4913920711575296,210156.43000000002,15795.461059753088,0.3059060919870841,0,High
601,31,29911.0,High,Established Professional,185782.89,178395.11,656,0.9602343358960558,7387.780000000028,342.81101097561105,0.011461034769001741,1,Low
602,70,35135.0,Medium,Mature Customer,227601.95,7745.52,1084,0.034030991386497345,219856.43000000002,6173.8281634686355,0.1757173235653518,1,Low
605,30,68825.0,Medium,Young Professional,187505.57,17971.7,421,0.09584621939497584,169533.87,12257.983379572446,0.17810364518085647,1,Low
605,30,68825.0,Medium,Young Professional,528762.1,395641.84,794,0.7482416761715713,133120.25999999995,5103.502159193953,0.07415186573474687,1,Low
606,44,62253.0,Low,Established Professional,721604.39,476821.57,846,0.660779752185266,244782.82,8807.552057683215,0.1414799617316951,1,Low
608,28,71390.0,Medium,Young Professional,329174.25,220415.01,1657,0.6695997940300616,108759.23999999999,1997.966967773084,0.027986650340006778,1,Low
609,63,32321.0,High,Mature Customer,140533.36,35827.49,1454,0.25493939659593995,104705.87,2192.0541147180193,0.06782135808663158,1,Low
609,63,32321.0,High,Mature Customer,113082.84,101636.17,1043,0.898776242266289,11446.669999999998,334.071557813998,0.010336052653506947,1,Low
610,26,78310.0,High,Young Professional,771879.61,709044.75,841,0.9185949995492173,62834.859999999986,2274.3081312722943,0.029042371743995585,1,Low
611,32,59075.0,Low,Established Professional,497976.74,262500.91,275,0.5271348818420716,235475.83000000002,26065.033691636367,0.44121935999384454,1,Low
612,43,69016.0,Medium,Established Professional,511891.29,380092.73,205,0.7425262695913424,131798.56,19570.478860487805,0.2835643743550453,1,Low
613,45,25751.0,Medium,Established Professional,114386.55,35293.89,871,0.30854930059521857,79092.66,2764.156797244547,0.10734172642788811,1,Low
613,45,25751.0,Medium,Established Professional,86753.13,66492.31,860,0.7664543054527254,20260.820000000007,717.1387916279073,0.027848968646961566,1,Low
615,64,33379.0,Low,Mature Customer,363715.83,108763.24,1286,0.2990335614482328,254952.59000000003,6034.803141213065,0.18079640316405718,1,Low
615,64,33379.0,Low,Mature Customer,366592.91,54165.14,727,0.1477528302443165,312427.76999999996,13081.569902063273,0.39191018011514045,0,High
616,46,65109.0,Medium,Mature Customer,550018.52,506165.66,592,0.9202702119921343,43852.860000000044,2254.866652702705,0.03463218069241894,1,Low
616,46,65109.0,Medium,Mature Customer,215334.55,164178.86,1805,0.7624362184331311,51155.69,862.7031598891967,0.013250136845738635,1,Low
617,63,27790.0,Low,Mature Customer,145186.25,42000.27,1441,0.2892854523069505,103185.98000000001,2179.723269396253,0.07843552606679571,1,Low
617,63,27790.0,Low,Mature Customer,304928.71,264790.49,1081,0.8683685114464951,40138.22000000003,1130.256629787235,0.040671343281296686,1,Low
618,68,26530.0,Medium,Mature Customer,306882.4,156376.99,852,0.5095664984371863,150505.41000000003,5377.212066197185,0.20268420905379514,1,Low
618,68,26530.0,Medium,Mature Customer,251391.05,94448.86,1173,0.37570494255861536,156942.19,4072.736797612958,0.15351439116520763,1,Low
619,34,66310.0,Medium,Established Professional,375251.98,68384.11,582,0.18223517434871364,306867.87,16049.927771134022,0.24204385117077398,0,High
620,21,77725.0,Low,Young Professional,690139.11,463110.33,1268,0.6710391039858616,227028.77999999997,5450.123078233438,0.07012059283671197,1,Low
620,21,77725.0,Low,Young Professional,788460.25,431700.51,362,0.5475234927822931,356759.74,29999.354932596685,0.38596789877898596,1,Low
623,48,49365.0,Low,Mature Customer,484208.06,314395.77,470,0.6492989191464512,169812.28999999998,10998.055548085105,0.22279055095887987,1,Low
623,48,49365.0,Low,Mature Customer,435497.87,30681.92,1598,0.07045251449794691,404815.95,7711.262526908637,0.15620910618674438,1,Low
624,39,42741.0,Medium,Established Professional,219268.84,39645.37,677,0.1808071315559475,179623.47,8076.423082422451,0.18896195883162423,1,Low
624,39,42741.0,Medium,Established Professional,399016.22,327271.72,764,0.8201965323615166,71744.5,2858.5112303664923,0.06687983974091603,1,Low
625,42,57443.0,High,Established Professional,402854.43,345201.13,1569,0.8568880079089611,57653.29999999999,1118.5254633524537,0.01947191935227014,1,Low
625,42,57443.0,High,Established Professional,596334.65,413457.31,1126,0.6933310180785235,182877.34000000003,4943.85988419183,0.08606548899242432,1,Low
626,33,77412.0,Low,Established Professional,793448.51,341402.45,806,0.4302767548205491,452046.06,17072.310256079403,0.2205382919454271,0,High
626,33,77412.0,Low,Established Professional,805526.26,538797.06,1287,0.66887584769738,266729.19999999995,6308.653339549339,0.08149451428136903,1,Low
628,46,52335.0,Medium,Mature Customer,363716.38,247920.57,979,0.6816315778794455,115795.81,3600.4335611848824,0.06879590257351452,1,Low
629,47,66374.0,Low,Mature Customer,394665.97,50914.86,1254,0.12900747434596402,343751.11,8344.325190111644,0.1257167744916932,1,Low
634,61,75819.0,High,Mature Customer,746647.2,158142.57,1079,0.2118036068440356,588504.6299999999,16602.48464986098,0.2189752522436458,0,High
634,61,75819.0,High,Mature Customer,647745.6,586486.56,390,0.9054273159092089,61259.03999999992,4781.3466092307635,0.0630626440500503,1,Low
635,29,28461.0,Low,Young Professional,214883.8,51049.32,1018,0.23756709440171853,163834.47999999998,4898.940639685658,0.1721281978737802,1,Low
635,29,28461.0,Low,Young Professional,74527.42,70603.73,951,0.9473523972787465,3923.6900000000023,125.5910868559412,0.004412743292784555,1,Low
637,41,78206.0,Low,Established Professional,542608.73,21941.7,1706,0.04043742532487452,520667.02999999997,9290.213595076202,0.11879157091624942,1,Low
639,41,74637.0,High,Established Professional,539364.78,441598.59,650,0.8187382757917564,97766.19,4578.465882461539,0.061343112430316586,1,Low
639,41,74637.0,High,Established Professional,695660.47,375041.28,638,0.5391154107117802,320619.18999999994,15297.254143573666,0.20495537258429017,1,Low
640,44,45702.0,Low,Established Professional,185780.98,77536.92,663,0.4173566099177644,108244.06000000001,4969.757445550529,0.10874266871363461,1,Low
640,44,45702.0,Low,Established Professional,228362.69,156445.35,605,0.6850740372693981,71917.34,3618.4526109090907,0.07917492912583893,1,Low
641,35,40475.0,Medium,Established Professional,84288.59,40267.99,1478,0.47773951373489576,44020.6,906.6218294993234,0.022399551068544125,1,Low
641,35,40475.0,Medium,Established Professional,448456.44,108522.31,1219,0.24199074942484938,339934.13,8488.593041181297,0.20972434938063736,0,High
642,57,71361.0,High,Mature Customer,405612.75,34210.64,1186,0.08434310805072079,371402.11,9532.445386509276,0.1335806026612474,1,Low
642,57,71361.0,High,Mature Customer,190584.38,34516.34,1364,0.1811079166089057,156068.04,3482.926053958945,0.048807136306371054,1,Low
645,33,47827.0,High,Established Professional,261044.32,105783.03,1758,0.4052301540213554,155261.29,2688.369549260524,0.056210290197179914,1,Low
645,33,47827.0,High,Established Professional,258779.16,174389.01,1485,0.6738912437925836,84390.15,1729.8560040404038,0.03616902594853125,1,Low
646,33,78746.0,High,Established Professional,786705.1,463173.37,1609,0.588750943650931,323531.73,6120.761877688005,0.07772790843583173,1,Low
646,33,78746.0,High,Established Professional,710371.69,627114.52,526,0.8827977364920048,83257.16999999993,4818.1525756653955,0.06118599770992045,1,Low
647,53,28453.0,Low,Mature Customer,303929.06,91310.5,383,0.30043359460263525,212618.56,16898.456831331594,0.5939077366650826,0,High
648,45,70326.0,Low,Established Professional,198281.06,56466.8,1032,0.2847816125251701,141814.26,4182.971002325581,0.05947972303736287,1,Low
648,45,70326.0,Low,Established Professional,557155.39,434214.75,1042,0.7793422764877137,122940.64000000001,3591.4712875239934,0.0510688975275715,1,Low
649,45,44566.0,Low,Established Professional,296761.43,177252.19,1742,0.5972885020806107,119509.23999999999,2088.3244923076923,0.04685914132539811,1,Low
649,45,44566.0,Low,Established Professional,367132.47,59974.72,1760,0.16335989023253653,307157.75,5312.4329034090915,0.11920371815754367,1,Low
650,27,45612.0,Low,Young Professional,460978.51,187394.42,552,0.4065144381676274,273584.08999999997,15086.77481811594,0.33076328198973826,0,High
650,27,45612.0,Low,Young Professional,292546.05,272950.1,662,0.9330158448558782,19595.95000000001,901.0584864048344,0.019754855880137562,1,Low
651,58,42053.0,High,Mature Customer,158045.1,72049.46,1575,0.45587911298736883,85995.64,1662.0363692698413,0.03952242097519419,1,Low
759,49,36287.0,Low,Mature Customer,140634.95,43257.47,1141,0.3075869120727102,97377.48000000001,2597.8707197195445,0.07159232561852852,1,Low
653,69,54713.0,Low,Mature Customer,316674.59,269233.31,1620,0.8501891800033592,47441.28000000003,891.4275081481486,0.016292791624442977,1,Low
653,69,54713.0,Low,Mature Customer,563382.69,337413.28,1086,0.598906011826526,225969.40999999992,6333.80187882136,0.11576411234663353,1,Low
654,48,61579.0,Medium,Mature Customer,518997.99,413269.41,1202,0.796283257281979,105728.58000000002,2677.519114143095,0.04348104246809943,1,Low
656,62,42550.0,High,Mature Customer,207210.91,185077.54,263,0.8931843405349651,22133.369999999995,2561.748223574144,0.06020559867389293,1,Low
656,62,42550.0,High,Mature Customer,322424.19,135509.8,620,0.42028422247102487,186914.39,9176.89359935484,0.2156731750729692,0,High
657,59,45104.0,Low,Mature Customer,361596.17,215932.58,711,0.597165008689113,145663.59,6236.286469198312,0.13826459890915024,1,Low
657,59,45104.0,Low,Mature Customer,352882.18,199866.71,1193,0.5663836864757523,153015.47,3904.2673150041915,0.08656144277678679,1,Low
658,32,76900.0,Medium,Established Professional,877666.5,618912.65,901,0.70517975791488,258753.84999999998,8741.916974472808,0.11367902437545914,1,Low
658,32,76900.0,Medium,Established Professional,818524.84,792698.54,1079,0.9684477504677806,25826.29999999993,728.5936719184411,0.009474560102970627,1,Low
659,54,54141.0,Medium,Mature Customer,195168.76,128596.41,386,0.6588985347859975,66572.35,5249.90241968912,0.09696722298607562,1,Low
660,25,38858.0,Low,Young Professional,410192.41,205494.57,256,0.5009711661900327,204697.83999999997,24339.852537499995,0.6263794466390447,1,Low
660,25,38858.0,Low,Young Professional,278241.73,259265.63,682,0.9317999496337233,18976.099999999977,846.9684516129023,0.0217965014054481,1,Low
661,20,31666.0,High,Young Professional,83218.16,83062.68,1112,0.9981316578016143,155.48000000001048,4.256125179856402,0.00013440678266457405,1,Low
662,48,69466.0,Medium,Mature Customer,744356.22,498552.97,325,0.6697773950219694,245803.25,23022.310553846157,0.3314183997041165,1,Low
662,48,69466.0,Medium,Mature Customer,371580.01,298459.86,1424,0.8032182893799911,73120.15000000002,1563.0459030898883,0.022500876732356668,1,Low
664,63,30954.0,High,Mature Customer,330745.93,50788.38,739,0.15355708231995477,279957.55,11531.67499594046,0.3725423207320689,0,High
665,52,58548.0,High,Mature Customer,401928.45,385246.12,901,0.9584942792678647,16682.330000000016,563.6072421753613,0.00962641323658129,1,Low
665,52,58548.0,High,Mature Customer,365221.36,56759.46,1360,0.15541111834203783,308461.89999999997,6904.103114705882,0.11792210006671247,1,Low
666,29,61226.0,High,Young Professional,677958.5,449682.68,601,0.6632893901322868,228275.82,11561.923395673877,0.18884009074043506,1,Low
666,29,61226.0,High,Young Professional,416449.29,109161.55,1249,0.26212447138521955,307287.74,7489.062294315453,0.12231833362158974,1,Low
668,51,42383.0,High,Mature Customer,159522.09,4865.97,804,0.030503424321985755,154656.12,5855.388423880597,0.13815417558645204,1,Low
669,66,76082.0,High,Mature Customer,846889.83,526408.48,718,0.6215784643440576,320481.35,13586.98091086351,0.17858338254598344,1,Low
670,45,77542.0,Low,Established Professional,799697.25,66542.36,1256,0.08320943957228814,733154.89,17768.49908566879,0.22914677317671445,0,High
671,46,68465.0,Low,Mature Customer,286811.39,21870.96,1146,0.07625554898639136,264940.43,7037.335679930193,0.10278734652640317,1,Low
672,46,32022.0,Medium,Mature Customer,320170.59,118537.01,544,0.3702307885305767,201633.58000000002,11282.584880882354,0.35233854477803866,0,High
673,45,48258.0,High,Established Professional,170232.69,66828.93,295,0.39257401148980253,103403.76000000001,10669.865947118646,0.22110045893154803,0,High
673,45,48258.0,High,Established Professional,150071.49,60153.2,921,0.40083029761349076,89918.29,2971.892234093377,0.061583410711040176,1,Low
674,20,26315.0,High,Young Professional,294870.95,78413.72,936,0.26592555149973235,216457.23,7039.4851294871805,0.26750846017431806,0,High
676,45,72842.0,High,Established Professional,645881.2,620527.7,653,0.960745877105573,25353.5,1181.8691271056662,0.016225105393943964,1,Low
677,41,56676.0,High,Established Professional,205179.13,25104.62,609,0.12235464688830681,180074.51,9000.768611494253,0.15881093604866706,1,Low
678,21,45613.0,Medium,Young Professional,291869.82,273106.42,1165,0.9357131203219298,18763.400000000023,490.2642884120178,0.010748345612260053,1,Low
679,35,75831.0,Medium,Established Professional,203620.17,92473.93,1036,0.4541491641029471,111146.24000000002,3265.725430115831,0.043065836269017034,1,Low
680,48,60517.0,Medium,Mature Customer,159559.3,159461.86,1660,0.9993893179526357,97.44000000000233,1.7867913253012475,2.9525444508175347e-05,1,Low
680,48,60517.0,Medium,Mature Customer,712598.03,479938.18,371,0.6735047808088944,232659.85000000003,19089.395778975748,0.315438567327788,1,Low
683,62,79766.0,Medium,Mature Customer,487409.59,366137.53,881,0.7511906567123556,121272.06,4190.149269466516,0.05253051763240624,1,Low
683,62,79766.0,Medium,Mature Customer,740945.51,334597.13,980,0.4515812910452754,406348.38,12621.6782522449,0.15823381205331719,1,Low
684,30,38370.0,Medium,Young Professional,84223.88,20001.35,1426,0.23747837311698294,64222.530000000006,1370.9213276297337,0.035728989513415,1,Low
685,59,59870.0,Low,Mature Customer,620992.61,209808.9,1520,0.3378605423339901,411183.70999999996,8234.494823947369,0.13753958282858475,1,Low
686,68,40044.0,High,Mature Customer,381222.99,338973.2,460,0.8891730270517002,42249.78999999998,2795.8339295652163,0.06981904728711458,1,Low
688,67,36834.0,Medium,Mature Customer,213535.35,80745.21,679,0.3781350956644884,132790.14,5953.066070103094,0.16161877803396574,1,Low
688,67,36834.0,Medium,Mature Customer,154923.41,23033.22,425,0.1486748839313568,131890.19,9446.440902588236,0.25645981708715415,0,High
689,21,74732.0,High,Young Professional,462946.7,138629.98,992,0.29945127592442067,324316.72,9951.81548064516,0.13316672216246267,1,Low
690,37,66223.0,High,Established Professional,443886.48,181692.46,1806,0.4093219059071139,262194.02,4419.261333776302,0.0667330283100479,1,Low
690,37,66223.0,High,Established Professional,367911.46,14652.51,974,0.03982618535448719,353258.95,11040.248909650925,0.16671321005769785,1,Low
693,65,77137.0,High,Mature Customer,617339.77,523310.65,1585,0.8476865989048462,94029.12,1805.8336989274449,0.02341073283803421,1,Low
694,37,61381.0,High,Established Professional,734910.18,70376.75,1324,0.09576238282615707,664533.43,15278.245928398794,0.24890839068113577,0,High
696,47,58011.0,Low,Mature Customer,189927.27,89119.62,740,0.4692302479786078,100807.65,4146.736305405405,0.07148189663004266,1,Low
697,36,50823.0,Low,Established Professional,432245.86,322068.66,1675,0.7451052509791534,110177.20000000001,2002.2650555223884,0.03939682930016702,1,Low
698,62,75070.0,High,Mature Customer,859687.25,56221.33,963,0.06539742214392502,803465.92,25397.198966562828,0.3383135602312885,0,High
698,62,75070.0,High,Mature Customer,486603.1,161571.24,850,0.3320390683906453,325031.86,11639.964492235293,0.15505480874164504,1,Low
699,59,57359.0,High,Mature Customer,561381.61,173121.0,773,0.3083838104351156,388260.61,15289.331136351875,0.2665550504079896,0,High
699,59,57359.0,High,Mature Customer,410014.21,200000.74,567,0.4877897768470024,210013.47000000003,11274.797225396827,0.19656544265759213,1,Low
700,60,62750.0,Low,Mature Customer,530831.04,103817.82,1508,0.1955760160521133,427013.22000000003,8619.550674270558,0.13736335735889335,1,Low
701,36,59377.0,High,Established Professional,642297.48,238941.16,867,0.3720101159356876,403356.31999999995,14161.66825928489,0.23850427369663152,0,High
701,36,59377.0,High,Established Professional,472606.45,214963.22,401,0.45484614101225235,257643.23,19557.75541446384,0.32938268040594576,0,High
702,48,26826.0,High,Mature Customer,131668.65,95819.82,228,0.7277345062776903,35848.82999999999,4786.133268421051,0.17841397407071688,1,Low
703,39,77709.0,Low,Established Professional,315357.51,236741.86,817,0.7507094408501639,78615.65000000002,2929.0824798041626,0.03769296323211163,1,Low
704,52,77510.0,Low,Mature Customer,786129.26,503.42,755,0.0006403781484993957,785625.84,31674.768966357617,0.4086539667959956,0,High
705,39,38135.0,Medium,Established Professional,383335.66,269152.4,439,0.7021324340135745,114183.25999999995,7917.399622779039,0.20761504189796878,1,Low
705,39,38135.0,Medium,Established Professional,286576.71,7679.54,1131,0.026797502141747663,278897.17000000004,7506.304027232539,0.19683503414796222,1,Low
706,66,40832.0,Medium,Mature Customer,465819.64,396651.05,1550,0.8515120787951319,69168.59000000003,1358.3818578064522,0.03326758076524423,1,Low
707,50,73472.0,Medium,Mature Customer,666785.36,477624.79,1739,0.716309653229339,189160.57,3311.1257911443363,0.04506649868173367,1,Low
708,35,57652.0,Medium,Established Professional,352705.64,21231.48,1515,0.06019603202262373,331474.16000000003,6660.114475511552,0.11552269609920822,1,Low
708,35,57652.0,Medium,Established Professional,134811.47,134008.14,301,0.9940410856731998,803.3299999999872,81.24041594684256,0.0014091517370922529,1,Low
711,43,42753.0,Medium,Established Professional,422407.89,184352.78,1182,0.4364330884065636,238055.11000000002,6130.623983417936,0.1433963460673622,1,Low
711,43,42753.0,Medium,Established Professional,124534.1,98259.09,614,0.7890135312336138,26275.01000000001,1302.6242742671016,0.030468605109982963,1,Low
712,27,75216.0,Low,Young Professional,897614.17,215015.31,735,0.2395409043063569,682598.8600000001,28269.808569251705,0.3758483377107491,0,High
713,49,75923.0,Medium,Mature Customer,366424.48,27056.29,222,0.07383865291969577,339368.19,46533.18785405406,0.6128997517755365,0,High
714,61,65131.0,High,Mature Customer,590005.18,481761.7,1479,0.8165380853096916,108243.48000000004,2227.810365922922,0.0342050692592302,1,Low
716,36,78019.0,Medium,Established Professional,861721.26,126724.7,1758,0.14705996693176632,734996.56,12726.561596359501,0.16312131142874814,1,Low
716,36,78019.0,Medium,Established Professional,182722.96,160288.66,667,0.877222326083159,22434.29999999999,1023.8382188905542,0.013122934399191918,1,Low
717,31,68762.0,Low,Established Professional,154151.11,132815.61,1451,0.8615936012397186,21335.5,447.58967608545834,0.0065092591269226945,1,Low
719,59,75256.0,High,Mature Customer,734083.43,346228.07,1043,0.4716467581893246,387855.36000000004,11319.575415532121,0.15041425820575263,1,Low
719,59,75256.0,High,Mature Customer,382181.08,139375.63,1576,0.3646847981066985,242805.45,4689.719478426397,0.062316884745753115,1,Low
722,52,43189.0,Medium,Mature Customer,268936.65,53143.02,195,0.19760423133105878,215793.63000000003,33685.93896000001,0.779965707934891,0,High
723,32,48866.0,Low,Established Professional,291400.96,228618.7,538,0.7845502636641966,62782.26000000001,3552.2156029739785,0.07269298905115988,1,Low
724,66,71609.0,Medium,Mature Customer,348633.26,25072.31,736,0.07191600135913596,323560.95,13382.05885597826,0.1868767732544549,1,Low
725,32,42190.0,Low,Established Professional,334103.11,200553.49,1716,0.6002742386923605,133549.62,2369.0270587412588,0.05615138797680158,1,Low
726,29,35256.0,Medium,Young Professional,193497.38,96549.86,457,0.498972440867158,96947.52,6457.510960175055,0.1831606240122264,1,Low
727,53,59697.0,Medium,Mature Customer,252774.74,78613.65,1710,0.3110027924467453,174161.09,3100.271099181287,0.05193344890331653,1,Low
729,41,61019.0,Low,Established Professional,314741.58,149994.21,701,0.47656305849389197,164747.37000000002,7153.937150927248,0.11724114047964156,1,Low
730,36,38968.0,High,Established Professional,91997.15,18467.42,1356,0.20073904463344788,73529.73,1650.6231424778762,0.042358425951495485,1,Low
731,33,43688.0,High,Established Professional,90189.08,70228.88,556,0.7786849583120263,19960.199999999997,1092.7850503597122,0.02501339155740048,1,Low
732,26,50860.0,Low,Young Professional,280873.12,213065.02,1163,0.7585810276184491,67808.1,1774.7881031814275,0.034895558458148394,1,Low
733,52,74198.0,Low,Mature Customer,150038.98,121569.27,825,0.8102512427103943,28469.710000000006,1050.4460271515154,0.014157336143177922,1,Low
736,46,48410.0,Medium,Mature Customer,401967.34,303359.52,1813,0.7546869852660169,98607.82,1655.6106126861557,0.03419976477352109,1,Low
738,65,41955.0,High,Mature Customer,395592.19,223018.87,1760,0.5637595373154358,172573.32,2984.734011818182,0.07114131836058114,1,Low
738,65,41955.0,High,Mature Customer,221873.55,70669.77,1007,0.31851372099107805,151203.77999999997,4570.648523535253,0.10894168808330956,1,Low
739,36,66847.0,Low,Established Professional,245674.18,127846.09,870,0.5203887929940378,117828.09,4122.628804137931,0.06167260765835312,1,Low
739,36,66847.0,Low,Established Professional,595624.13,590247.48,809,0.9909730823027603,5376.650000000023,202.30559456118752,0.0030263975131447564,1,Low
740,27,27774.0,Medium,Young Professional,186368.69,170869.02,844,0.9168332942620351,15499.670000000013,559.0165341232232,0.020127332545662246,1,Low
740,27,27774.0,Medium,Young Professional,206741.23,20832.81,768,0.10076756339313643,185908.42,7368.557688541668,0.26530415815300884,0,High
741,41,79022.0,Low,Established Professional,712655.26,102729.27,973,0.14415002002511004,609925.99,19081.343407605345,0.24146874803985402,0,High
741,41,79022.0,Low,Established Professional,424695.43,238752.72,757,0.5621739795975671,185942.71,7477.009369088507,0.09461933852710014,1,Low
742,39,30273.0,Low,Established Professional,161607.14,20854.83,1432,0.12904646415993748,140752.31,2991.9694946927375,0.09883293676519464,1,Low
742,39,30273.0,Low,Established Professional,256155.34,201813.89,1795,0.787857438380945,54341.44999999998,921.5341158774371,0.03044079264947105,1,Low
743,40,26720.0,Medium,Established Professional,99927.83,42601.44,647,0.42632207664271304,57326.39,2697.087034930448,0.10093888603781617,1,Low
743,40,26720.0,Medium,Established Professional,292406.5,252595.69,828,0.8638511455798691,39810.81,1463.5761550724637,0.05477455670181376,1,Low
744,22,77121.0,Low,Young Professional,504716.2,210107.52,304,0.41628844090996087,294608.68000000005,29499.632300000005,0.38251101904798956,0,High
745,23,49167.0,High,Young Professional,167737.03,91214.58,437,0.5437951297933438,76522.45,5330.305212814645,0.10841225238095968,1,Low
745,23,49167.0,High,Young Professional,300031.28,190987.52,454,0.6365586948134206,109043.76000000004,7311.215978854629,0.14870168972796038,1,Low
747,67,41446.0,Medium,Mature Customer,158358.07,149364.55,1472,0.9432076938043005,8993.520000000019,185.98012826086995,0.00448728775420716,1,Low
747,67,41446.0,Medium,Mature Customer,167751.44,64386.61,1637,0.3838215040061653,103364.83,1922.0680667073916,0.046375236855363405,1,Low
748,69,45541.0,High,Mature Customer,263460.6,202080.9,1670,0.7670251263376764,61379.69999999998,1118.8012383233531,0.024566900997416683,1,Low
749,36,63463.0,Low,Established Professional,724339.19,94439.7,622,0.13038049204544627,629899.49,30826.59240450161,0.48574117839531084,0,High
749,36,63463.0,Low,Established Professional,256847.11,118884.77,674,0.46286201156789347,137962.33999999997,6230.821408902077,0.09818037925881343,1,Low
750,69,71602.0,Medium,Mature Customer,356251.76,242508.07,215,0.6807210440167369,113743.69,16103.990342325582,0.22490978383740093,1,Low
750,69,71602.0,Medium,Mature Customer,254615.1,195002.0,794,0.7658697382833932,59613.100000000006,2285.4190982367763,0.031918369573989226,1,Low
752,37,79482.0,Low,Established Professional,163027.86,107222.23,1083,0.657692679030443,55805.62999999999,1568.534974330563,0.019734467858515927,1,Low
754,55,48855.0,High,Mature Customer,214423.57,89948.77,1202,0.4194910568833454,124474.8,3152.2569983361063,0.06452271002632497,1,Low
754,55,48855.0,High,Mature Customer,391750.04,266812.44,1158,0.6810782712364242,124937.59999999998,3284.1973609671845,0.06722336221404533,1,Low
755,31,74090.0,High,Established Professional,789027.26,641031.94,1229,0.8124331978086535,147995.32000000007,3665.563499430433,0.04947447023121113,1,Low
756,51,62994.0,Low,Mature Customer,592774.37,566816.32,1306,0.9562092234183471,25958.050000000047,605.0253001531404,0.00960449090632664,1,Low
756,51,62994.0,Low,Mature Customer,345925.97,196932.6,1697,0.5692911694372065,148993.36999999997,2672.5740617560396,0.042425851061308056,1,Low
757,53,35188.0,Low,Mature Customer,357086.18,45172.14,313,0.1265020673720837,311914.04,30334.387787859425,0.8620662665641533,0,High
758,61,30559.0,Low,Mature Customer,245468.23,101427.98,312,0.4132020669232837,144040.25,14053.157724358975,0.4598696856690001,0,High
758,61,30559.0,Low,Mature Customer,125628.77,117847.59,1206,0.9380621174592412,7781.180000000008,196.40059635157564,0.006426931390149404,1,Low
760,52,52516.0,Low,Mature Customer,246341.12,43230.34,1321,0.17548974365302877,203110.78,4680.3119933383805,0.0891216389926571,1,Low
760,52,52516.0,Low,Mature Customer,626897.99,588364.9,741,0.9385337158283121,38533.08999999997,1582.9247767881227,0.030141762068476706,1,Low
761,30,74401.0,Medium,Young Professional,398417.08,162009.17,1785,0.40663209017043145,236407.91,4031.5164035854345,0.054186320124533734,1,Low
761,30,74401.0,Medium,Young Professional,426404.1,390815.7,1132,0.9165383259682541,35588.399999999965,956.9884240282677,0.012862574750719315,1,Low
762,41,51757.0,High,Established Professional,400992.69,32631.69,1540,0.08137726899709817,368361.0,7281.109636363637,0.1406787417424433,1,Low
763,39,27736.0,Medium,Established Professional,113749.71,65499.54,1094,0.5758215998968261,48250.170000000006,1342.5367228519196,0.04840412182188923,1,Low
764,63,74326.0,High,Mature Customer,593777.09,301200.35,395,0.5072616560534526,292576.74,22546.926495189877,0.30335180818542473,1,Low
764,63,74326.0,High,Mature Customer,281999.26,43685.58,1180,0.15491381076673746,238313.68,6147.685101016949,0.08271244384222143,1,Low
765,35,50022.0,Medium,Established Professional,548457.44,66384.71,572,0.12103894515497869,482072.7299999999,25654.359967132863,0.5128615402649407,0,High
765,35,50022.0,Medium,Established Professional,289005.12,70592.43,1799,0.244260136291011,218412.69,3695.654410005559,0.07388058074458356,1,Low
767,67,27864.0,High,Mature Customer,212275.53,126837.94,898,0.5975155968283297,85437.59,2896.124988418708,0.10393787641468231,1,Low
768,58,44542.0,Low,Mature Customer,515370.66,45379.14,1042,0.08805146183525465,469991.51999999996,13729.886630326297,0.30824584954259565,0,High
769,67,60719.0,High,Mature Customer,483437.75,457464.83,303,0.946274530691904,25972.919999999984,2609.2926891089096,0.042973248721304855,1,Low
769,67,60719.0,High,Mature Customer,626504.27,610702.12,1178,0.9747772668811977,15802.150000000023,408.333994906622,0.006724978917746044,1,Low
770,21,35492.0,High,Young Professional,398481.98,287239.52,1250,0.7208344025995856,111242.45999999996,2708.976385919999,0.07632639428378223,1,Low
771,25,44396.0,Medium,Young Professional,323564.98,68825.75,315,0.21271075133038195,254739.22999999998,24616.705273650794,0.5544802521319667,0,High
773,20,69702.0,Medium,Young Professional,816343.44,142841.16,993,0.1749767965306367,673502.2799999999,20645.93091963746,0.2962028481196732,0,High
773,20,69702.0,Medium,Young Professional,793879.46,148908.21,1805,0.18757030191963903,644971.25,10876.966675900278,0.1560495635118114,1,Low
778,36,69699.0,Medium,Established Professional,296146.82,251915.65,1063,0.8506444539907604,44231.17000000001,1266.6009546566327,0.018172440847883508,1,Low
779,48,58707.0,Medium,Mature Customer,672160.78,59030.53,630,0.0878220386497409,613130.25,29624.896523809526,0.5046228988674183,0,High
780,70,36192.0,High,Mature Customer,250982.97,906.15,1402,0.0036104043234487185,250076.82,5429.627960627675,0.1500228768962112,1,Low
782,67,68696.0,Low,Mature Customer,261993.07,188418.31,1003,0.7191728773589317,73574.76000000001,2232.9169435692925,0.0325043225743754,1,Low
782,67,68696.0,Low,Mature Customer,138175.9,49729.72,481,0.3599015457833096,88446.18,5597.300871517671,0.08147928367761836,1,Low
783,32,57900.0,High,Established Professional,303988.77,78878.72,499,0.25947905904550356,225110.05000000002,13732.16417234469,0.23717036567089275,0,High
783,32,57900.0,High,Established Professional,479389.64,466118.63,540,0.9723168610819374,13271.01000000001,748.0917488888894,0.012920410170792563,1,Low
784,61,50595.0,Low,Mature Customer,351893.11,99046.14,1482,0.2814665510217009,252846.96999999997,5193.428992442645,0.10264707960159393,1,Low
784,61,50595.0,Low,Mature Customer,206215.73,138994.91,1262,0.6740267097956106,67220.82,1621.3960069730588,0.03204656600401341,1,Low
785,43,71104.0,Medium,Established Professional,407913.94,401182.17,704,0.9834970827425019,6731.770000000019,291.0725551136372,0.004093617168002323,1,Low
785,43,71104.0,Medium,Established Professional,808007.45,396680.01,740,0.4909360798591647,411327.43999999994,16920.009829189188,0.2379614343664096,0,High
786,50,72142.0,High,Mature Customer,463963.69,111212.23,659,0.23970028775312135,352751.46,16294.012810925647,0.2258602868083176,0,High
786,50,72142.0,High,Mature Customer,180427.23,116795.66,355,0.6473283439534043,63631.57000000001,5456.183072676057,0.07563115900135922,1,Low
787,56,51240.0,Medium,Mature Customer,281608.99,127697.79,221,0.4534577891139058,153911.2,21199.352615384618,0.4137266318381073,0,High
787,56,51240.0,Medium,Mature Customer,383064.07,343702.21,1694,0.8972447089595221,39361.859999999986,707.30520566706,0.013803770602401639,1,Low
788,33,31817.0,Low,Established Professional,198748.55,173387.75,708,0.8723975596299949,25360.79999999999,1090.3711186440673,0.0342700794746226,1,Low
788,33,31817.0,Low,Established Professional,273258.78,221080.71,930,0.8090525398671544,52178.070000000036,1707.8499470967754,0.05367727777907331,1,Low
789,35,49969.0,High,Established Professional,411557.29,274077.41,1223,0.6659520233501391,137479.88,3421.8213795584634,0.068478884499559,1,Low
790,69,27420.0,Low,Mature Customer,255372.08,228381.9,351,0.8943103725356351,26990.179999999993,2340.686835327635,0.08536421718919165,1,Low
791,20,72642.0,High,Young Professional,656945.61,468837.09,543,0.713661957494472,188108.51999999996,10545.162704972374,0.14516619455648763,1,Low
792,37,56194.0,Low,Established Professional,414400.83,103232.18,707,0.24911190452972787,311168.65,13397.416840169733,0.23841365341797582,0,High
793,27,71816.0,Low,Young Professional,627705.42,142573.67,342,0.22713468046842739,485131.75,43179.56277777778,0.601252684329088,0,High
793,27,71816.0,Low,Young Professional,401763.95,152930.72,326,0.38064818906723713,248833.23,23234.61202822086,0.3235297430686875,0,High
794,41,63299.0,Medium,Established Professional,550309.74,72300.99,785,0.13138235568936144,478008.75,18535.77878980892,0.2928289355251887,0,High
795,37,67394.0,High,Established Professional,638499.99,377138.4,216,0.5906631259305111,261361.58999999997,36832.62407222222,0.5465267541950651,1,Low
796,70,59800.0,Medium,Mature Customer,652958.47,128788.34,374,0.19723817963491613,524170.13,42662.403094117646,0.7134181119417666,0,High
796,70,59800.0,Medium,Mature Customer,598204.1,165920.38,1533,0.2773641638363896,432283.72,8583.637597390736,0.14353909025737016,1,Low
797,46,68423.0,Low,Mature Customer,525210.69,310085.93,810,0.590402929536716,215124.75999999995,8084.4415980246895,0.11815386051510003,1,Low
797,46,68423.0,Low,Mature Customer,619413.56,52483.34,531,0.08473069268938832,566930.2200000001,32499.728619209047,0.4749825149322457,0,High
798,66,29845.0,Low,Mature Customer,126436.47,70584.53,501,0.5582608404046712,55851.94,3393.4791489021964,0.11370343940030814,1,Low
798,66,29845.0,Low,Mature Customer,288032.1,151287.26,1576,0.5252444432408749,136744.83999999997,2641.1884071065983,0.08849684728117267,1,Low
799,42,58196.0,Low,Established Professional,526675.25,73401.08,1505,0.13936686791338687,453274.17,9167.884209169435,0.15753461078372114,1,Low
800,23,67612.0,Medium,Young Professional,430153.35,340406.52,1714,0.7913608484044121,89746.82999999996,1593.8701897316212,0.023573776692475023,1,Low
800,23,67612.0,Medium,Young Professional,434423.34,238782.87,1121,0.549654790647298,195640.47000000003,5312.485197859056,0.07857311125035579,1,Low
801,25,64571.0,Low,Young Professional,274751.23,40972.18,1182,0.14912464632096462,233779.05,6020.502776649746,0.09323849369917991,1,Low
801,25,64571.0,Low,Young Professional,274883.13,104810.83,1553,0.3812923332181207,170072.3,3333.5484945267226,0.051626093672495744,1,Low
802,44,65440.0,Medium,Established Professional,767543.47,472074.7,1431,0.6150462070897431,295468.76999999996,6285.16377274633,0.09604467867888647,1,Low
803,22,76273.0,Low,Young Professional,560699.28,227767.39,675,0.40622022913958444,332931.89,15013.995157925927,0.1968454781892141,1,Low
804,66,36307.0,High,Mature Customer,307022.86,214749.39,241,0.699457330310844,92273.46999999997,11654.790152697093,0.32100669712994995,1,Low
804,66,36307.0,High,Mature Customer,285821.22,233606.93,716,0.8173183572584289,52214.28999999998,2219.836574860334,0.0611407324995272,1,Low
805,56,61107.0,High,Mature Customer,286032.69,193057.59,233,0.6749493912741232,92975.1,12146.618214592276,0.19877621572965906,1,Low
806,70,67595.0,Low,Mature Customer,331093.35,201182.5,1068,0.6076307482466803,129910.84999999998,3702.702503745318,0.0547777572859726,1,Low
810,67,49308.0,Medium,Mature Customer,250035.74,127848.59,832,0.5113212615124542,122187.15,4470.404862980769,0.09066287139978846,1,Low
810,67,49308.0,Medium,Mature Customer,142733.8,57514.92,1713,0.40295234905817684,85218.87999999999,1514.3390001167543,0.030711831753807785,1,Low
812,28,54034.0,High,Young Professional,363660.24,164988.36,1712,0.4536882008327333,198671.88,3532.4602962616823,0.06537476952033316,1,Low
812,28,54034.0,High,Young Professional,321117.74,59298.32,565,0.18466223634981985,261819.41999999998,14105.810875752213,0.26105435236614377,0,High
813,45,77484.0,High,Established Professional,634095.42,148250.73,990,0.233798771169172,485844.69000000006,14938.497336969698,0.1927946071055921,1,Low
814,47,72764.0,High,Mature Customer,651708.42,527604.12,355,0.8095708200302214,124104.30000000005,10641.506738028174,0.14624686298208145,1,Low
815,20,77043.0,Low,Young Professional,226348.03,185116.31,1428,0.8178392805097531,41231.72,878.9170565826332,0.01140813645084736,1,Low
816,27,34582.0,Medium,Young Professional,329846.66,274005.89,245,0.8307068805850574,55840.76999999996,6937.930770612241,0.2006226005035059,1,Low
816,27,34582.0,Medium,Young Professional,111005.37,52401.98,1496,0.4720670720704774,58603.38999999999,1192.4379622994652,0.03448146325543535,1,Low
817,44,49276.0,Low,Established Professional,187385.88,76996.68,1178,0.41089904959754703,110389.20000000001,2852.5019083191855,0.05788826017369887,1,Low
817,44,49276.0,Low,Established Professional,510202.45,26605.79,424,0.052147515167753504,483596.66000000003,34718.590401886795,0.7045740401389479,0,High
818,35,76251.0,High,Established Professional,875756.2,594433.33,210,0.6787657683725219,281322.87,40778.41982285715,0.5347919348317681,1,Low
819,29,36694.0,Low,Young Professional,335516.39,5524.83,627,0.016466647128624626,329991.56,16020.642881020734,0.43660115771027236,0,High
820,32,63752.0,Medium,Established Professional,730238.49,518707.9,654,0.7103267043620229,211530.58999999997,9845.55223180428,0.1544351899831265,1,Low
822,27,69220.0,Medium,Young Professional,724282.52,369529.7,1491,0.5102010469616194,354752.82,7242.572663179075,0.10463121443483206,1,Low
822,27,69220.0,Medium,Young Professional,140213.3,13102.46,1208,0.09344662738841465,127110.84,3203.0248092715233,0.046273111951336654,1,Low
823,32,25968.0,Low,Established Professional,86678.14,42559.05,984,0.4910009605651437,44119.09,1364.8222556910569,0.05255785026536725,1,Low
823,32,25968.0,Low,Established Professional,296046.61,35665.81,199,0.12047363082455158,260380.8,39829.10327638191,1.5337763122451444,0,High
824,37,49986.0,High,Established Professional,409591.75,259074.77,922,0.6325195026511153,150516.98,4969.345847288504,0.09941475307663154,1,Low
824,37,49986.0,High,Established Professional,441090.2,180437.53,1315,0.4090717272793637,260652.67,6033.663326844107,0.12070706451494634,1,Low
826,21,78534.0,High,Young Professional,479069.7,112037.38,503,0.2338644669032502,367032.32,22211.657695427435,0.28282855445319777,0,High
826,21,78534.0,High,Young Professional,347801.84,281005.88,1392,0.8079482270709091,66795.96000000002,1460.6817689655177,0.018599355297903044,1,Low
827,37,26878.0,High,Established Professional,188424.39,83574.96,1676,0.4435464007605385,104849.43000000001,1904.3058766109787,0.0708499842477483,1,Low
828,34,62486.0,High,Established Professional,611143.34,522185.71,306,0.8544406456266055,88957.62999999995,8849.249206535942,0.14161971011964186,1,Low
828,34,62486.0,High,Established Professional,237379.1,58696.51,1243,0.24726907297230463,178682.59,4375.7828154465005,0.07002821136649011,1,Low
830,36,31115.0,Low,Established Professional,278648.91,83043.23,207,0.2980210114584694,195605.68,28764.4294647343,0.9244553901569758,0,High
830,36,31115.0,Low,Established Professional,199795.36,99172.29,185,0.4963693351036781,100623.06999999999,16556.574328648647,0.5321090897846262,0,High
833,24,63835.0,Low,Young Professional,573293.72,158284.71,529,0.27609705893865366,415009.01,23880.669686956524,0.37409994026719706,0,High
833,24,63835.0,Low,Young Professional,706985.86,250486.2,1072,0.35430156976548305,456499.66,12962.546315671641,0.20306330877530573,0,High
834,65,33141.0,Medium,Mature Customer,147668.47,124151.4,1392,0.84074413447908,23517.070000000007,514.2669617816093,0.015517545088609556,1,Low
835,45,52407.0,High,Established Professional,229947.91,137796.67,842,0.5992516739986896,92151.23999999999,3331.453379572446,0.06356886254837037,1,Low
836,66,59887.0,Low,Mature Customer,516533.68,382439.48,934,0.7403960183196573,134094.2,4370.264933618844,0.07297518549299253,1,Low
836,66,59887.0,Low,Mature Customer,527292.01,463216.06,221,0.8784810905820477,64075.95000000001,8825.664787330319,0.14737196365371982,1,Low
837,29,35974.0,Low,Young Professional,150691.58,128153.48,1679,0.8504355717817811,22538.09999999999,408.6121286480046,0.011358540297103592,1,Low
837,29,35974.0,Low,Young Professional,233750.27,123928.93,521,0.5301766282451781,109821.34,6416.432993474089,0.17836306758976175,1,Low
838,20,27249.0,Low,Young Professional,287928.8,174272.43,291,0.6052622384422816,113656.37,11889.003102405499,0.43630970319664936,1,Low
839,30,51067.0,High,Young Professional,428255.71,269402.13,1240,0.629068390004654,158853.58000000002,3899.5991735483876,0.07636240964905688,1,Low
839,30,51067.0,High,Young Professional,573665.76,160056.2,1300,0.2790060191146845,413609.56,9684.826928,0.18964941993851217,1,Low
840,22,58151.0,Medium,Young Professional,409943.61,408192.58,815,0.9957286076492327,1751.0299999999697,65.40043337423201,0.001124665669966673,1,Low
840,22,58151.0,Medium,Young Professional,487506.43,222363.46,1293,0.4561241581982826,265142.97,6242.035581438515,0.10734184418906836,1,Low
841,54,42781.0,High,Mature Customer,313200.16,32935.27,802,0.10515725790178396,280264.88999999996,10637.485351122192,0.24864975926514554,0,High
841,54,42781.0,High,Mature Customer,104420.57,53788.43,185,0.515113353623716,50632.14000000001,8331.039684324325,0.19473690854174341,1,Low
844,46,71601.0,Low,Mature Customer,606101.29,102767.49,199,0.1695549765287581,503333.80000000005,76992.36619095478,1.0752973588491053,0,High
844,46,71601.0,Low,Mature Customer,373308.66,59173.46,469,0.1585108151522657,314135.19999999995,20388.647095948825,0.2847536639983914,0,High
845,25,26081.0,Medium,Young Professional,198439.08,16162.65,237,0.0814489262901239,182276.43,23411.36932151899,0.8976407853042057,0,High
846,52,46208.0,Medium,Mature Customer,396898.48,361007.84,384,0.909572241244159,35890.639999999956,2845.0809416666634,0.06157117688856179,1,Low
848,58,29591.0,Medium,Mature Customer,314996.0,314447.36,365,0.998258263596998,548.640000000014,45.7550728767135,0.0015462496325475143,1,Low
848,58,29591.0,Medium,Mature Customer,72428.76,44841.62,999,0.6191134571405061,27587.139999999992,840.5931347347346,0.028407053993941892,1,Low
849,44,32263.0,High,Established Professional,296326.44,150894.55,239,0.5092173010278799,145431.89,18522.78967196653,0.5741186396790915,1,Low
850,70,61825.0,High,Mature Customer,392624.6,355356.6,1577,0.905079814153265,37268.0,719.3645656309449,0.011635496411337563,1,Low
850,70,61825.0,High,Mature Customer,444796.91,222455.8,1046,0.5001289240071385,222341.11,6470.423889483747,0.10465707868150016,1,Low
852,39,25270.0,Low,Established Professional,175614.32,123323.85,1237,0.7022425619960833,52290.47,1286.7598276475344,0.050920452221904805,1,Low
853,61,55972.0,Low,Mature Customer,589426.68,586789.84,372,0.9955264325666424,2636.840000000084,215.76723010753375,0.003854913708774633,1,Low
854,40,79845.0,Medium,Established Professional,176791.42,171900.06,1452,0.9723325939686439,4891.360000000015,102.54338732782402,0.0012842806353287497,1,Low
856,35,35927.0,High,Established Professional,327632.32,304769.7,1530,0.9302186670716736,22862.619999999995,454.8615377777777,0.01266071583426887,1,Low
859,70,39570.0,Medium,Mature Customer,469820.05,155711.83,1638,0.3314286608245008,314108.22,5837.273636630037,0.14751765571468378,1,Low
859,70,39570.0,Medium,Mature Customer,463465.05,82019.66,1396,0.1769705396340026,381445.39,8317.476842120344,0.2101965337912647,0,High
860,33,42199.0,Low,Established Professional,171145.05,49490.82,1549,0.2891747088215523,121654.22999999998,2390.6744746287923,0.056652396375003966,1,Low
860,33,42199.0,Low,Established Professional,368375.54,328306.43,892,0.891227550015943,40069.109999999986,1367.3808390134525,0.03240315739741351,1,Low
861,55,45357.0,Low,Mature Customer,114515.24,4919.07,1706,0.04295559263553043,109596.17000000001,1955.5143111371633,0.043113837139519,1,Low
861,55,45357.0,Low,Mature Customer,244992.47,65888.46,1560,0.2689407556077132,179104.01,3494.8244002564106,0.07705148930168244,1,Low
862,42,35304.0,Medium,Established Professional,190397.48,145223.12,1600,0.7627365656310157,45174.360000000015,859.4421990000003,0.024344045972127814,1,Low
863,56,52929.0,Low,Mature Customer,447018.48,135736.65,663,0.3036488558593819,311281.82999999996,14291.732888687782,0.2700170584875547,0,High
864,44,45303.0,High,Established Professional,395091.75,144479.93,819,0.36568703345488734,250611.82,9314.558975335776,0.205605787151751,0,High
866,55,48448.0,High,Mature Customer,487625.77,236721.75,510,0.4854578337810161,250904.02000000002,14975.526213333336,0.3091051480625276,0,High
866,55,48448.0,High,Mature Customer,220474.11,219618.9,849,0.9961210411508181,855.2099999999919,30.662653003533276,0.0006328982208457165,1,Low
867,31,41089.0,High,Established Professional,321814.93,224675.55,557,0.698151418891597,97139.38,5308.6583971274695,0.12919901669856823,1,Low
867,31,41089.0,High,Established Professional,255128.2,193940.03,956,0.7601669670385319,61188.17000000001,1948.2927769874482,0.047416407724389695,1,Low
868,70,77726.0,High,Mature Customer,390534.76,63532.89,1785,0.16268178023385166,327001.87,5576.435250868348,0.07174478618310923,1,Low
868,70,77726.0,High,Mature Customer,666001.95,83309.73,844,0.12508931843217577,582692.22,21015.581963033175,0.2703803355766819,0,High
869,56,63223.0,High,Mature Customer,535297.6,19848.77,1221,0.037079878557273564,515448.82999999996,12850.337743816543,0.2032541597807213,0,High
870,59,49525.0,High,Mature Customer,544770.44,91966.03,1318,0.1688161163810577,452804.4099999999,10457.789256752654,0.21116182244831205,0,High
870,59,49525.0,High,Mature Customer,129164.51,55258.65,1360,0.42781604637372916,73905.85999999999,1654.1870429411763,0.03340105084182082,1,Low
871,43,78492.0,Low,Established Professional,407907.02,57390.6,788,0.14069529864918726,350516.42000000004,13540.253584771575,0.17250488692824206,1,Low
871,43,78492.0,Low,Established Professional,536397.27,237555.67,1551,0.44287263057845166,298841.6,5865.079499677627,0.07472200351217483,1,Low
872,38,77466.0,High,Established Professional,544061.81,212894.57,1723,0.39130585181121236,331167.24000000005,5850.685307951249,0.07552584757120866,1,Low
872,38,77466.0,High,Established Professional,779631.06,287690.97,925,0.36900911823600246,491940.0900000001,16188.817664432436,0.2089796512590354,0,High
873,49,65785.0,High,Mature Customer,744554.73,44674.68,733,0.060001875214734046,699880.0499999999,29064.59580081855,0.4418118993815999,0,High
873,49,65785.0,High,Mature Customer,401076.76,220198.73,803,0.5490189209666498,180878.03,6856.696429887921,0.10422887329768064,1,Low
874,42,62806.0,Low,Established Professional,583888.98,20300.15,1814,0.03476714015051286,563588.83,9457.356110915105,0.15058045586273772,1,Low
874,42,62806.0,Low,Established Professional,197791.15,99106.34,1554,0.5010655936830338,98684.81,1933.0538072072072,0.030778170990147555,1,Low
875,25,39442.0,Medium,Young Professional,405508.14,7592.87,1334,0.01872433436231391,397915.27,9079.86568125937,0.2302080442487544,0,High
875,25,39442.0,Medium,Young Professional,444579.57,98524.86,280,0.22161355727614743,346054.71,37621.09061571429,0.9538332390779952,0,High
876,68,51264.0,Low,Mature Customer,404098.55,9863.36,1171,0.024408303370551568,394235.19,10248.094947566184,0.19990821917068866,1,Low
876,68,51264.0,Low,Mature Customer,323414.61,86662.37,626,0.2679605908960019,236752.24,11512.36131884984,0.22457009439079745,0,High
877,57,65482.0,High,Mature Customer,562907.79,30907.8,1628,0.0549073943354026,531999.99,9947.2234002457,0.15190775175232432,1,Low
879,54,58095.0,Medium,Mature Customer,330510.92,266990.7,680,0.8078120384040565,63520.21999999997,2843.4639658823517,0.04894507213843449,1,Low
879,54,58095.0,Medium,Mature Customer,530209.46,135160.81,292,0.2549196500567908,395048.64999999997,41182.46885616438,0.7088814675301554,0,High
880,63,34465.0,Low,Mature Customer,184632.14,53080.82,1692,0.28749501576486086,131551.32,2366.679775886525,0.06866907807591832,1,Low
880,63,34465.0,Low,Mature Customer,240422.77,210340.2,1748,0.8748763688231361,30082.569999999978,523.8635187643017,0.015199869977203009,1,Low
881,20,43036.0,Low,Young Professional,253722.09,41150.76,785,0.16218832187611257,212571.33,8242.893356942675,0.19153483959807313,1,Low
883,43,61012.0,High,Established Professional,583108.88,16111.73,484,0.0276307402487165,566997.15,35659.90340082645,0.5844736019279232,0,High
883,43,61012.0,High,Established Professional,426612.08,13610.59,1819,0.03190390201796442,413001.49,6911.360833205058,0.11327871292868712,1,Low
884,34,38938.0,Medium,Established Professional,394616.86,265952.29,1085,0.6739506517790446,128664.57,3609.7230514285716,0.09270437750856673,1,Low
884,34,38938.0,Medium,Established Professional,284198.2,204145.27,860,0.7183200667703032,80052.93000000002,2833.5013827906987,0.07276956656198826,1,Low
885,65,33017.0,High,Mature Customer,95137.41,76287.05,1221,0.8018617492319793,18850.36,469.9467308763309,0.014233477628989032,1,Low
885,65,33017.0,High,Mature Customer,318259.7,155601.75,534,0.4889143991526417,162657.95,9272.112355805244,0.28082843249856876,0,High
886,59,45838.0,Medium,Mature Customer,240969.84,210928.53,386,0.8753316597628982,30041.309999999998,2369.060819689119,0.0516833373988638,1,Low
886,59,45838.0,Medium,Mature Customer,546592.39,456872.99,432,0.8358568438905635,89719.40000000002,6321.894759259261,0.13791820671188232,1,Low
887,43,64186.0,Medium,Established Professional,254685.41,105418.44,1028,0.4139162899044747,149266.97,4419.928566926071,0.06886125583345389,1,Low
888,36,48355.0,High,Established Professional,577836.7,271717.22,1497,0.47023184924045147,306119.48,6224.633915297261,0.1287278237058683,1,Low
889,28,59127.0,High,Young Professional,296513.81,56455.66,1775,0.1903980796037797,240058.15,4116.828217464788,0.06962687465057907,1,Low
890,32,48116.0,Low,Established Professional,421015.54,149687.8,580,0.3555398453938303,271327.74,14240.02828551724,0.29595203852184804,0,High
890,32,48116.0,Low,Established Professional,137820.6,137783.16,1477,0.9997283424974206,37.44000000000233,0.7716138117806844,1.603653279118556e-05,1,Low
892,29,71792.0,Medium,Young Professional,545726.17,147881.21,478,0.27098060919453426,397844.9600000001,25335.566071966536,0.35290235781098916,0,High
892,29,71792.0,Medium,Young Professional,444944.0,405410.78,1210,0.911150122262577,39533.21999999997,994.5381957024786,0.013853050419301296,1,Low
893,23,73584.0,Medium,Young Professional,795701.93,334070.51,1757,0.4198437849710883,461631.42000000004,7997.757783039273,0.10868881527287552,1,Low
894,40,44483.0,High,Established Professional,356412.15,166482.41,970,0.4671064384309008,189929.74000000002,5960.269366597939,0.13398982457563427,1,Low
894,40,44483.0,High,Established Professional,500410.23,295992.48,480,0.591499658190441,204417.75,12963.4923125,0.2914257651799564,1,Low
895,64,60902.0,Medium,Mature Customer,649758.61,498129.8,990,0.7666382443166085,151628.81,4662.203006464646,0.07655254353657755,1,Low
896,59,78604.0,Low,Mature Customer,266723.07,230841.23,318,0.8654715544478399,35881.84,3434.727074213836,0.04369659399284815,1,Low
897,50,53607.0,Low,Mature Customer,214748.74,124557.73,1515,0.5800161155776746,90191.01,1812.1546827722773,0.03380444126275071,1,Low
897,50,53607.0,Low,Mature Customer,638095.98,620617.74,1124,0.9726087602056356,17478.23999999999,473.3430832740211,0.008829874517768597,1,Low
899,57,58777.0,High,Mature Customer,386312.93,187189.57,1261,0.48455424466377556,199123.36,4806.752639492466,0.08177948244198353,1,Low
902,28,28352.0,High,Young Professional,62262.47,15931.12,1111,0.25587035014833176,46331.35,1269.4206066606662,0.04477358234553704,1,Low
903,53,49856.0,High,Mature Customer,385202.4,181256.41,283,0.47054849606336824,203945.99000000002,21936.805426148414,0.4400033180790359,0,High
904,51,67270.0,Low,Mature Customer,143339.36,67266.58,914,0.46928198925961445,76072.77999999998,2533.539850328227,0.0376622543530285,1,Low
904,51,67270.0,Low,Mature Customer,377717.62,53484.76,1360,0.14159985440975723,324232.86,7257.0943076470585,0.10788009971230948,1,Low
905,39,72752.0,High,Established Professional,764295.1,720152.28,1133,0.9422437485206958,44142.81999999995,1185.9730280670772,0.016301586596479508,1,Low
905,39,72752.0,High,Established Professional,171375.67,80227.98,800,0.4681410144158736,91147.69000000002,3468.169604500001,0.047671123879755896,1,Low
907,35,25835.0,Low,Established Professional,240431.84,172211.38,316,0.7162586286408655,68220.45999999999,6571.616463291139,0.2543687425311066,1,Low
909,27,50400.0,Medium,Young Professional,579446.47,483869.68,394,0.8350550137961839,95576.78999999998,7384.156059898476,0.14651103293449358,1,Low
911,38,60600.0,Medium,Established Professional,491472.4,111389.84,1366,0.22664515850737496,380082.56000000006,8469.775348755493,0.13976526978144377,1,Low
913,38,76276.0,Low,Established Professional,695120.29,333337.82,1754,0.47953976426152084,361782.47000000003,6278.59657172178,0.08231418233417824,1,Low
913,38,76276.0,Low,Established Professional,793473.02,478886.86,1544,0.603532631771147,314586.16000000003,6202.074294300519,0.081310953567315,1,Low
914,58,74551.0,High,Mature Customer,210360.6,147435.03,953,0.7008680808098094,62925.57000000001,2009.9206199370412,0.02696034419306302,1,Low
915,55,69096.0,High,Mature Customer,588709.76,133670.34,1523,0.22705643609509718,455039.42000000004,9094.812833092581,0.13162575016053868,1,Low
915,55,69096.0,High,Mature Customer,191661.66,9052.52,1681,0.047231772906485316,182609.14,3306.735408447353,0.04785711775569285,1,Low
916,41,29077.0,High,Established Professional,283341.27,33543.56,633,0.11838571910120962,249797.71000000002,12012.389087519749,0.41312339950888155,0,High
916,41,29077.0,High,Established Professional,224590.63,183700.62,1778,0.8179353697881341,40890.01000000001,700.0516897637797,0.024075788071801756,1,Low
918,59,54911.0,Medium,Mature Customer,578088.64,55015.49,1448,0.09516791404169436,523073.15,10996.09577762431,0.20025305999935006,0,High
919,31,41974.0,Medium,Established Professional,127946.42,72867.06,274,0.5695123005395539,55079.36,6119.035468613139,0.1457815664128541,1,Low
919,31,41974.0,Medium,Established Professional,114383.32,66908.48,1033,0.5849496237738159,47474.84000000001,1398.968179670862,0.033329398667528994,1,Low
920,33,29175.0,High,Established Professional,182645.62,30128.59,1317,0.1649565426206224,152517.03,3525.146843735763,0.12082765531227979,1,Low
920,33,29175.0,High,Established Professional,191446.9,124544.7,290,0.6505443545964965,66902.2,7022.424027586207,0.2407000523594244,1,Low
921,58,55898.0,Low,Mature Customer,670324.01,281711.25,1286,0.4202613151213247,388612.76,9198.578860342146,0.16456007120723723,1,Low
922,67,34739.0,High,Mature Customer,161408.58,64647.0,1328,0.40051774199364126,96761.57999999999,2217.938625903614,0.06384578214409206,1,Low
924,27,54782.0,Low,Young Professional,309998.19,275671.35,993,0.8892676115302479,34326.840000000026,1052.2749341389735,0.019208406668960124,1,Low
924,27,54782.0,Low,Young Professional,426879.76,134338.83,1755,0.31469946010089583,292540.93000000005,5074.043253105414,0.09262245359982137,1,Low
925,57,56328.0,Medium,Mature Customer,531726.66,269137.81,200,0.5061582016594767,262588.85000000003,39966.022970000005,0.709523202847607,1,Low
925,57,56328.0,Medium,Mature Customer,451439.54,136983.65,188,0.30343742154264997,314455.89,50915.09197659575,0.9039037774569619,0,High
927,63,54901.0,Low,Mature Customer,393528.97,262448.12,1316,0.666909274811458,131080.84999999998,3031.9916975683886,0.05522652952711952,1,Low
927,63,54901.0,Low,Mature Customer,465486.49,199685.44,1437,0.42898224607979496,265801.05,5630.469006263048,0.10255676592890928,1,Low
929,38,73193.0,Medium,Established Professional,302457.88,293489.1,598,0.9703470116235687,8968.780000000028,456.5378983277607,0.006237453012279326,1,Low
930,37,54536.0,Medium,Established Professional,646868.3,471410.55,1475,0.7287581567994598,175457.75000000006,3620.972142372883,0.06639599791647505,1,Low
930,37,54536.0,Medium,Established Professional,155098.71,6959.42,768,0.044870908339598704,148139.28999999998,5871.562483854166,0.10766397395947935,1,Low
931,37,73669.0,High,Established Professional,823378.02,15075.81,274,0.018309706639970787,808302.21,89798.24551970803,1.2189420993865538,0,High
932,67,60135.0,Low,Mature Customer,128569.17,49529.06,1612,0.38523278947822404,79040.11,1492.5440126550868,0.024819888794463903,1,Low
932,67,60135.0,Low,Mature Customer,714401.46,405109.32,207,0.5670611591415281,309292.13999999996,45482.3803942029,0.7563379129326165,1,Low
933,24,31109.0,High,Young Professional,362035.75,183970.25,293,0.5081549266888699,178065.5,18499.36457337884,0.5946627848332907,1,Low
933,24,31109.0,High,Young Professional,306507.14,151353.06,866,0.49379945928828933,155154.08000000002,5453.68382817552,0.1753088761508091,1,Low
934,49,78768.0,Low,Mature Customer,678839.53,561741.31,472,0.8275023553799232,117098.21999999997,7551.842832203389,0.09587450274481248,1,Low
936,41,75758.0,High,Established Professional,421826.15,268529.9,1390,0.6365890308128124,153296.25,3357.077589928058,0.04431317603326458,1,Low
937,56,34732.0,High,Mature Customer,165612.65,150674.49,952,0.9098006100379409,14938.160000000003,477.6445277310926,0.013752289753860778,1,Low
939,45,31482.0,High,Established Professional,109300.82,43311.51,946,0.396259698692105,65989.31,2123.37695179704,0.0674473334539432,1,Low
939,45,31482.0,High,Established Professional,180486.14,151611.46,1673,0.840017189131531,28874.680000000022,525.3707466826065,0.016687972386843483,1,Low
940,34,50869.0,Medium,Established Professional,399833.1,86440.13,689,0.21619053049885067,313392.97,13845.692317561683,0.27218330058703105,0,High
941,70,26871.0,High,Mature Customer,150399.78,139405.51,429,0.9268996936032753,10994.26999999999,780.1062442890435,0.02903153006174104,1,Low
945,20,77738.0,Medium,Young Professional,431344.86,401780.33,569,0.9314596446101155,29564.52999999997,1581.6244168717033,0.020345576383129272,1,Low
946,39,34970.0,Low,Established Professional,124178.78,63701.06,1378,0.5129786264609782,60477.72,1335.9519570391872,0.03820280117355411,1,Low
948,61,32786.0,Medium,Mature Customer,263814.86,128333.35,1704,0.4864523173561945,135481.50999999998,2420.2213406103283,0.07381874399470287,1,Low
948,61,32786.0,Medium,Mature Customer,276205.95,212226.52,1373,0.7683633173000074,63979.43000000002,1418.4514560815737,0.043263937536801494,1,Low
949,36,69206.0,Medium,Established Professional,649783.13,405211.3,201,0.6236100650997203,244571.83000000002,37038.63932935324,0.535194048628056,1,Low
949,36,69206.0,Medium,Established Professional,642840.7,455914.7,1042,0.7092187846849151,186925.99999999994,5460.678925143953,0.078904703712741,1,Low
950,51,57588.0,Low,Mature Customer,455582.19,297058.7,412,0.6520419509814465,158523.49,11712.269503883495,0.20338038313335235,1,Low
952,32,69639.0,High,Established Professional,729255.01,376935.05,1137,0.5168768741129389,352319.96,9432.383097977134,0.1354468487194982,1,Low
953,26,36420.0,Medium,Young Professional,130794.29,117900.52,1409,0.9014194732812878,12893.76999999999,278.55667764371873,0.007648453532227313,1,Low
954,48,67232.0,Low,Mature Customer,645687.73,76994.88,413,0.11924476247984456,568692.85,41915.27930750605,0.6234423980768986,0,High
955,66,30833.0,Medium,Mature Customer,116072.49,102441.6,1730,0.8825657138913794,13630.89,239.84063098265895,0.007778699152941944,1,Low
956,63,77484.0,Low,Mature Customer,571522.86,478806.97,400,0.8377739606076299,92715.89000000001,7055.679229000001,0.0910598217567498,1,Low
956,63,77484.0,Low,Mature Customer,382580.95,156806.9,1547,0.40986593817595984,225774.05000000002,4442.50942598578,0.057334539078852144,1,Low
957,46,56605.0,High,Mature Customer,284564.99,41076.27,817,0.14434758822580387,243488.72,9071.966507711139,0.16026793583095378,1,Low
957,46,56605.0,High,Mature Customer,377426.02,90181.83,1161,0.23893909063291396,287244.19,7531.191338156762,0.13304816426387708,1,Low
958,23,62575.0,Low,Young Professional,624168.97,148194.82,1309,0.2374274068766988,475974.14999999997,11068.489783040488,0.17688357623716322,1,Low
960,32,60189.0,High,Established Professional,501154.34,98148.04,726,0.19584393901487512,403006.30000000005,16897.39913498623,0.2807389910944895,0,High
960,32,60189.0,High,Established Professional,500621.38,328819.68,713,0.6568230865409703,171801.7,7334.703713884994,0.12186119912085254,1,Low
961,29,32439.0,High,Young Professional,382664.53,149660.13,1428,0.3911000844525621,233004.40000000002,4966.8444929972,0.1531133664107155,1,Low
966,70,62952.0,Medium,Mature Customer,503655.24,31434.83,367,0.06241338817402158,472220.41,39167.273243596734,0.6221767893569186,0,High
967,23,51824.0,Medium,Young Professional,249047.42,157695.26,328,0.6331937106596005,91352.16,8477.926068292683,0.16359073148141176,1,Low
967,23,51824.0,Medium,Young Professional,385054.96,151595.51,1576,0.39369836970805416,233459.45,4509.204097715737,0.08700995866231354,1,Low
970,38,58044.0,High,Established Professional,531028.92,480374.04,1037,0.9046099410179015,50654.88000000006,1486.9185604628753,0.02561709324758589,1,Low
971,33,35875.0,Low,Established Professional,112156.19,20102.86,651,0.17923986183910134,92053.33,4304.306244546851,0.11998066186890177,1,Low
971,33,35875.0,Low,Established Professional,298175.47,85034.4,1649,0.2851824128926501,213141.06999999998,3934.514354639175,0.10967287399691081,1,Low
972,24,49381.0,High,Young Professional,167121.74,108295.19,562,0.6480018099380728,58826.54999999999,3186.2636690391455,0.06452408150987517,1,Low
973,25,34486.0,Medium,Young Professional,337162.16,154957.56,1325,0.45959356767675236,182204.59999999998,4185.892848301886,0.12137948292935934,1,Low
973,25,34486.0,Medium,Young Professional,293142.85,39637.29,1754,0.1352149301952956,253505.55999999997,4399.492158722918,0.12757328071457746,1,Low
975,62,37813.0,Low,Mature Customer,231760.91,83532.43,1084,0.36042501731633686,148228.48,4162.430748339484,0.11007935758441499,1,Low
976,34,76141.0,Medium,Established Professional,725202.82,692183.42,641,0.9544687374492009,33019.39999999991,1568.0351575662983,0.020593834564377907,1,Low
977,51,72743.0,Low,Mature Customer,658119.47,557173.56,213,0.8466146123894497,100945.90999999992,14426.260565258204,0.19831819646231533,1,Low
978,49,32396.0,Low,Mature Customer,319812.58,7851.01,1707,0.02454878416602624,311961.57,5563.040533567663,0.1717199818980017,1,Low
979,46,75498.0,Low,Mature Customer,639437.53,176237.39,947,0.2756131470731785,463200.14,14888.925302639916,0.19720953273781977,1,Low
982,59,52522.0,High,Mature Customer,366443.81,330844.33,650,0.9028514630933457,35599.47999999998,1667.1510326153839,0.03174195637286059,1,Low
983,23,32163.0,Medium,Young Professional,194158.86,93157.0,1381,0.4797978315282651,101001.85999999999,2226.2828518464876,0.06921875608141304,1,Low
984,70,63010.0,High,Mature Customer,478494.26,156237.12,799,0.32651827422130414,322257.14,12277.230715394244,0.19484575012528557,1,Low
987,52,35809.0,Medium,Mature Customer,288433.39,162694.22,1792,0.5640616712232935,125739.17000000001,2135.881883258929,0.05964651018623612,1,Low
988,24,39917.0,Low,Young Professional,403043.63,5121.13,419,0.012706143004914877,397922.5,28908.73723150358,0.7242211897563339,0,High
988,24,39917.0,Low,Young Professional,281430.95,78979.01,1256,0.2806337042887429,202451.94,4906.558163694268,0.12291901104026524,1,Low
989,60,76002.0,High,Mature Customer,192700.43,161108.66,825,0.8360576050608709,31591.76999999999,1165.640580363636,0.01533697245287803,1,Low
992,29,48059.0,Medium,Young Professional,165569.41,34932.87,256,0.21098625645884708,130636.54000000001,15533.501084375,0.3232173179711397,0,High
993,50,33756.0,High,Mature Customer,136979.76,114306.53,824,0.8344775169703903,22673.23000000001,837.5887393203888,0.024813032922158692,1,Low
993,50,33756.0,High,Mature Customer,161525.77,91176.58,1553,0.5644707962079364,70349.18999999999,1378.8984826786864,0.04084898929608622,1,Low
994,39,33683.0,High,Established Professional,331501.94,160709.7,371,0.4847926380159344,170792.24,14013.250095956873,0.41603331342092076,0,High
995,55,31601.0,Medium,Mature Customer,273128.94,136067.52,497,0.4981805296794986,137061.42,8394.667253118714,0.2656456204904501,0,High
996,45,30067.0,Low,Established Professional,357320.39,275296.25,1286,0.770446517199872,82024.14000000001,1941.5356311041994,0.06457363990767949,1,Low
996,45,30067.0,Low,Established Professional,233561.58,223381.73,1723,0.956414706562612,10179.849999999977,179.84598607080633,0.0059815075022718045,1,Low
997,54,66701.0,Low,Mature Customer,445780.15,80011.5,344,0.1794864576181779,365768.65,32366.272401162794,0.48524418526203195,0,High
998,57,38260.0,High,Mature Customer,457644.51,13424.04,1223,0.02933289858541076,444220.47000000003,11056.476783973836,0.288982665550806,0,High
